Record,Date,LOC Time,RS482,Profinet,Conexion Profinet,Quality A, Quality B, Quality C
1,2024-05-17,15:04:56,0,0,0,86.18465934031644,72.01948147566183,100.07880975403788
2,2024-05-17,15:11:23,0,0,0,91.67869442243608,73.78468474610959,88.73668384740584
3,2024-05-17,15:17:51,0,0,0,88.9527717574312,60.74544183206615,83.6491420877321
4,2024-05-17,15:25:56,0,0,0,83.92497590001737,69.99015123744685,87.5705914739289
5,2024-05-17,15:32:23,0,0,0,82.5655087200372,66.30775954533496,91.78161433519888
6,2024-05-17,15:38:51,0,0,0,86.47003843618513,64.72899572366403,92.99020488712937
7,2024-05-17,15:45:18,0,0,0,88.57165112204605,57.26301942055574,88.57070272298802
8,2024-05-17,15:51:46,0,0,0,89.22715118884342,70.96203617366447,87.75671603209824
9,2024-05-17,15:58:13,0,0,0,94.78367491589562,62.33386360584888,90.87032055130292
10,2024-05-17,16:04:41,0,0,0,90.883419319996,70.46511911348091,85.66677664077055
11,2024-05-17,16:11:08,0,0,0,91.50701555145048,66.52289980784204,81.89041881400762
12,2024-05-17,16:17:36,0,0,0,87.51896479323456,72.80386692473824,77.25576051093483
13,2024-05-17,16:31:37,0,0,0,99.25270818037234,72.24517375803532,87.69126692070249
14,2024-05-17,16:45:56,0,0,0,93.55906803619904,85.11680488851906,89.85989333029414
15,2024-05-17,16:56:37,0,0,0,97.12009199433408,60.13942557057176,83.44472340012335
16,2024-05-17,17:04:18,0,0,0,82.94187693948258,57.32748935227598,85.3958316043615
17,2024-05-17,17:10:45,0,0,0,91.72735673266398,63.93055199969104,85.30083024645539
18,2024-05-17,17:17:12,0,0,0,82.68108384265928,60.51978750572378,88.98254431896032
19,2024-05-17,17:26:07,0,0,0,83.02477671278673,58.640511549724,89.46265583088298
20,2024-05-17,17:33:26,0,0,0,90.26874371730122,61.43741947681,93.22663515234856
21,2024-05-17,17:40:39,0,0,0,82.83332219211844,64.0333428650355,93.6092315006292
22,2024-05-17,17:47:07,0,0,0,87.16150069357488,71.54419303731079,90.06141186992642
23,2024-05-17,17:53:34,0,0,0,83.12830806452898,71.23911136936925,87.83843987853285
24,2024-05-17,18:07:56,0,0,0,82.91560744943737,51.421281710931794,89.35015898325608
25,2024-05-17,18:20:19,0,0,0,84.38420863246418,67.71956431777176,85.74306079468968
26,2024-05-17,18:26:47,0,0,0,90.7777351464342,76.75845074016375,92.09595178488404
27,2024-05-17,18:35:46,0,0,0,86.21304801541797,66.13551420141903,93.26485695062324
28,2024-05-17,18:42:36,0,0,0,77.72227494278016,62.129591599752814,99.58139154971455
29,2024-05-17,18:49:04,0,0,0,78.80019424698219,65.81137088134336,94.64898943852732
30,2024-05-17,19:02:18,0,0,0,84.39790570204515,67.01462082214849,92.40644407665732
31,2024-05-17,19:08:46,0,0,0,94.27655187639589,68.34080640696811,98.26133351597228
32,2024-05-17,19:17:45,0,0,0,83.93995489075184,65.28356233567713,94.9526173978403
33,2024-05-17,19:24:32,0,0,0,81.60821832196163,62.15559695235935,96.231531741005
34,2024-05-17,19:30:59,0,0,0,92.7327172639653,67.26718039259758,85.31527985813392
35,2024-05-17,19:47:25,0,0,0,86.94347026162367,66.63109100434777,84.61402572129629
36,2024-05-17,19:55:44,0,0,0,97.86153441694398,76.34015750301194,91.80198878261712
37,2024-05-17,20:02:11,0,0,0,100.19854778144824,68.8444640107407,96.86338938640262
38,2024-05-17,21:00:26,0,0,0,84.46329046573301,64.19796383624112,94.09034918598284
39,2024-05-17,21:06:53,0,0,0,74.57657954501994,69.09507765170181,89.56551730444484
40,2024-05-17,21:13:21,0,0,0,90.6242918933228,69.7734669708432,92.28642462354496
41,2024-05-17,21:19:48,0,0,0,91.11852537481532,69.4193558010428,83.24018270448826
42,2024-05-17,21:26:15,0,0,0,87.23105690824278,73.8858002020573,96.971381754213
43,2024-05-17,21:37:51,0,0,0,98.02801447923888,69.44421881488542,93.4213374425277
44,2024-05-17,21:47:22,0,0,0,79.7252690462972,66.92535122334533,92.07406045040744
45,2024-05-17,21:54:59,0,0,0,85.58637827935266,56.27854310745302,83.88483804884696
46,2024-05-17,22:02:07,0,0,0,89.98945601079812,65.4379225921777,82.06178880536658
47,2024-05-17,22:08:34,0,0,0,92.0549385978834,63.49655335929923,93.27969243192734
48,2024-05-17,22:15:01,0,0,0,92.82252369560776,70.92267611687919,86.5714957732612
49,2024-05-17,22:21:28,0,0,0,86.83473657690297,68.41938933688762,81.74196376771803
50,2024-05-17,22:27:56,0,0,0,99.11650728544517,65.70448623850962,93.28056722867686
51,2024-05-17,22:34:23,0,0,0,96.6341081591996,67.52863063407018,79.50078461797109
52,2024-05-17,22:40:50,0,0,0,90.54019878293256,64.39262001009763,96.06698501912096
53,2024-05-17,22:53:59,0,0,0,85.71862445892609,68.97543486920945,96.17006209102436
54,2024-05-17,23:01:15,0,0,0,84.6235683417358,57.583554380063546,95.84643183976338
55,2024-05-17,23:07:50,0,0,0,84.64567403929135,69.18028743373995,95.77303053949116
56,2024-05-17,23:20:10,0,0,0,91.0623801366332,68.49318843260791,86.96599467879194
57,2024-05-17,23:26:37,0,0,0,75.6487572356622,69.27524744609458,91.79577045289646
58,2024-05-17,23:33:04,0,0,0,86.7688431102647,67.87614164367066,88.16737725552669
59,2024-05-17,23:39:31,0,0,0,92.58466199831368,55.67568318854989,101.08709896652186
60,2024-05-18,00:12:14,0,0,0,90.3075283511252,63.163848560933,100.00992908068328
61,2024-05-18,00:25:15,0,0,0,89.52751916783531,69.6154753323481,92.3057397692468
62,2024-05-18,00:36:20,0,0,0,100.92206909511764,56.9285390284314,92.03852229042796
63,2024-05-18,00:42:48,0,0,0,83.55067010331477,66.49200533927406,94.74510741099294
64,2024-05-18,00:49:15,0,0,0,90.77450238490384,61.83197845081224,92.8941677003981
65,2024-05-18,01:00:56,0,0,0,90.527772756232,67.11497401412983,80.15288363066512
66,2024-05-18,01:12:52,0,0,0,87.06311394792093,74.38019617378265,86.002541097551
67,2024-05-18,01:19:20,0,0,0,90.37180979469952,66.618128451038,91.82042907443156
68,2024-05-18,01:25:48,0,0,0,83.80572745390113,61.58262117832987,89.6139487261616
69,2024-05-18,01:32:15,0,0,0,87.78382700438134,69.95275926106792,85.16989897849768
70,2024-05-18,01:38:43,0,0,0,75.47767029923435,72.2785487814738,91.0213989230203
71,2024-05-18,01:45:10,0,0,0,88.77109949629201,64.5056484291837,77.15212194131085
72,2024-05-18,02:02:17,0,0,0,92.18436138145437,59.64520775067948,82.27958105985508
73,2024-05-18,02:33:37,0,0,0,94.68184077496696,65.58288119940346,79.14288280332315
74,2024-05-18,02:43:58,0,0,0,102.00087664590136,65.03414136851434,94.01118978315203
75,2024-05-18,02:50:24,0,0,0,80.5771842775645,64.15534403181232,85.05997908142675
76,2024-05-18,02:56:51,0,0,0,105.2098897252911,67.78651388711121,100.09973096330748
77,2024-05-18,03:03:18,0,0,0,100.63362166582412,67.54839273508973,80.43899045955379
78,2024-05-18,03:11:43,0,0,0,85.78564048868598,72.8972359187246,92.21917328241769
79,2024-05-18,03:18:10,0,0,0,94.66906190861832,63.577360707650456,84.92015554551065
80,2024-05-18,03:28:53,0,0,0,99.02883050026014,68.73436703657892,88.81520028096143
81,2024-05-18,04:09:50,0,0,0,83.66025617997936,66.3879143265342,83.51321040507933
82,2024-05-18,04:30:10,0,0,0,94.35477159637708,62.88715272602856,92.10827877040516
83,2024-05-18,04:49:44,0,0,0,93.57969429232271,58.60818745226632,93.07312450142224
84,2024-05-18,04:56:11,0,0,0,90.62643227183388,63.4421084075447,90.42333763426986
85,2024-05-18,05:02:38,0,0,0,87.26851890427295,64.66327410741815,84.76108291485502
86,2024-05-18,05:09:05,0,0,0,87.99082575277063,63.93988532696787,88.92100431890104
87,2024-05-18,05:15:32,0,0,0,86.81159244746563,72.03478376165049,96.87780395892594
88,2024-05-18,05:21:59,0,0,0,92.10866642988424,70.24312938932228,90.28411166870454
89,2024-05-18,05:28:26,0,0,0,86.34212823555536,59.32017126015586,89.75271462851741
90,2024-05-18,05:34:53,0,0,0,95.17108645041654,72.70943743161648,91.85541290921653
91,2024-05-18,05:51:05,0,0,0,94.12532334601067,67.93403276488927,95.86434593936016
92,2024-05-18,05:57:32,0,0,0,87.28165233233635,63.97682752708759,86.89562625677739
93,2024-05-18,06:04:00,0,0,0,93.03590486803516,69.37352171020483,80.34812596448573
94,2024-05-18,06:18:19,0,0,0,76.42836907906704,62.065102310160285,82.55615524285462
95,2024-05-18,06:37:08,0,0,0,90.47228141645894,57.81405206544441,86.51790912868745
96,2024-05-18,08:25:23,0,0,0,84.1100527762285,66.89419841322565,85.48845212628044
97,2024-05-18,08:51:41,0,0,0,83.59025534185595,59.63137685838028,92.01883115963896
98,2024-05-18,08:58:09,0,0,0,94.31872572852794,68.35554054396921,95.45379355547402
99,2024-05-18,09:05:07,0,0,0,87.07226445000506,66.66496880581883,91.86592057834832
100,2024-05-18,09:11:35,0,0,0,89.68078509558076,66.21861606522081,89.74087332600975
101,2024-05-18,09:18:02,0,0,0,89.83677395685568,55.71746963805093,98.53804426026484
102,2024-05-18,09:24:29,0,0,0,93.02355079539448,60.65254110835378,89.0355790386135
103,2024-05-18,09:30:57,0,0,0,87.57949192104772,61.16330829912577,90.49051860463486
104,2024-05-18,09:38:54,0,0,0,82.01481443047983,60.98241700437571,95.352814938137
105,2024-05-18,09:45:21,0,0,0,92.60050610462606,59.03051094704486,98.22784982480783
106,2024-05-18,09:51:48,0,0,0,89.70471910052618,68.8446067383678,90.60290634218006
107,2024-05-18,09:58:15,0,0,0,83.81723310081524,66.41766813025696,82.98071936816063
108,2024-05-18,10:04:41,0,0,0,92.42289019650526,68.24122622010853,82.29779220827675
109,2024-05-18,10:11:08,0,0,0,87.7817297814478,67.63023299087074,92.6497588167092
110,2024-05-18,10:17:35,0,0,0,99.68140662835395,72.33284337505481,80.93157127946742
111,2024-05-18,10:25:48,0,0,0,96.44910974053298,61.48187070793615,88.3904811431165
112,2024-05-18,10:32:15,0,0,0,92.76990075929616,65.55347799613249,87.60742024339275
113,2024-05-18,10:38:42,0,0,0,88.74687019725324,63.62305319498983,100.26641098592933
114,2024-05-18,10:47:54,0,0,0,95.88527911410938,63.43030948137954,85.25695531128643
115,2024-05-18,10:54:21,0,0,0,74.49183961457221,70.62819796410037,92.53682143050231
116,2024-05-18,11:00:49,0,0,0,101.12360649772808,64.89285743022853,93.33643514282063
117,2024-05-18,11:07:16,0,0,0,89.42054379980581,52.29374236369596,87.34928843162577
118,2024-05-18,11:13:44,0,0,0,90.63689506826248,63.55203181112984,90.4169980316025
119,2024-05-18,11:22:52,0,0,0,92.31253465118706,61.267531023756376,95.82741554644048
120,2024-05-18,11:29:20,0,0,0,73.66365644721715,71.15932483685427,90.02713002966605
121,2024-05-18,11:35:47,0,0,0,88.82742863240084,61.56867479047333,88.42891439456591
122,2024-05-18,11:42:15,0,0,0,82.54277048772379,67.76610344009408,91.21807405443222
123,2024-05-18,11:48:43,0,0,0,76.8231957510098,64.68420260875322,92.05561413622196
124,2024-05-18,11:56:25,0,0,0,88.98104999284965,55.28356699787262,90.80215602922594
125,2024-05-20,06:56:32,0,0,0,87.37894502878437,68.05371883199427,86.69279230060862
126,2024-05-20,07:03:31,0,0,0,83.5114034949661,63.794073298001614,96.43130596189926
127,2024-05-20,07:10:02,0,0,0,93.2356757908052,65.63829226046194,94.30279194575948
128,2024-05-20,07:25:29,0,0,0,95.06179109753364,62.81918112489756,97.5603174409482
129,2024-05-20,07:31:56,0,0,0,87.14123766920768,69.7882738129881,89.20920095266375
130,2024-05-20,07:38:24,0,0,0,88.8001702251264,63.27494492128176,87.63052604673533
131,2024-05-20,07:44:51,0,0,0,86.02695652163378,73.11349314902023,95.07919706300808
132,2024-05-20,07:51:18,0,0,0,92.73305268181426,73.55024043594976,85.39628059813846
133,2024-05-20,07:57:45,0,0,0,90.65635070097316,55.3976468406037,90.04606941588834
134,2024-05-20,08:04:12,0,0,0,88.25969633079879,60.76875642855614,93.23135698762712
135,2024-05-20,08:28:33,0,0,0,94.2470162058332,67.04975006138139,90.14713329225728
136,2024-05-20,08:35:01,0,0,0,76.97535754101233,54.04289584828233,89.92283451733842
137,2024-05-20,08:41:29,0,0,0,97.92296528861216,72.41366296918599,84.79711328494713
138,2024-05-20,08:50:50,0,0,0,87.35322522625785,71.92245141563026,94.59580959817086
139,2024-05-20,09:01:52,0,0,0,84.08695845007358,60.34349344358166,92.39462161373731
140,2024-05-20,09:15:34,0,0,0,82.70756039366508,61.34455852380496,86.13877474196438
141,2024-05-20,09:22:02,0,0,0,98.977775459545,65.35891030599376,85.67359803148568
142,2024-05-20,09:40:33,0,0,0,99.28809239656132,54.40683643042008,82.97451900560444
143,2024-05-20,09:49:35,0,0,0,97.65105567144012,64.59373694198634,90.46613434518616
144,2024-05-20,09:56:02,0,0,0,91.62477456146956,65.59297746359634,86.72628617300307
145,2024-05-20,10:06:20,0,0,0,82.16502525087746,72.34435279289188,89.0326658684786
146,2024-05-20,10:20:12,0,0,0,82.79349979300713,58.86798339420407,83.75092264997618
147,2024-05-20,10:26:41,0,0,0,77.59094144280215,60.40419661408416,88.76499202615167
148,2024-05-20,10:33:09,0,0,0,91.31992083221586,62.663734136775815,92.5855720196783
149,2024-05-20,10:39:37,0,0,0,80.1121791770579,64.62043536826992,92.87458495435288
150,2024-05-20,10:46:04,0,0,0,78.9172569180907,64.19932580130495,88.50530029849524
151,2024-05-20,10:52:32,0,0,0,95.21842947722982,56.26226609294456,92.98569391557592
152,2024-05-20,10:59:00,0,0,0,91.62020616018506,67.8857300591666,86.37842419578713
153,2024-05-20,11:05:28,0,0,0,90.22545859851787,69.097037184997,92.20069702593304
154,2024-05-20,11:11:55,0,0,0,87.80269299699671,61.82905115326208,89.80315130490474
155,2024-05-20,11:21:56,0,0,0,108.62015118011897,70.07234379691025,93.69335233833095
156,2024-05-20,12:13:10,0,0,0,88.98555504463305,55.59302583346993,81.20540248180754
157,2024-05-20,12:19:37,0,0,0,84.04543199860747,57.46809823095934,93.81520333264322
158,2024-05-20,12:26:05,0,0,0,84.8143961953674,73.64724009139145,85.72423062987284
159,2024-05-20,12:32:33,0,0,0,88.50287517798975,59.27768613789457,89.43094729733068
160,2024-05-20,12:39:00,0,0,0,80.84643952527674,51.121948139918686,90.97044513540716
161,2024-05-20,12:45:28,0,0,0,86.58561753415319,60.890143667040334,86.33156362730298
162,2024-05-20,12:52:16,0,0,0,88.67580615406638,59.80086017921836,80.56579802945124
163,2024-05-20,12:58:43,0,0,0,81.91569486751408,57.00556588176665,97.18161604877962
164,2024-05-20,13:05:11,0,0,0,87.54921795515864,69.0083344076363,91.54144282234572
165,2024-05-20,13:11:39,0,0,0,88.50387865999207,65.32470647885175,96.99124993768724
166,2024-05-20,13:18:07,0,0,0,93.68024276421386,61.80318707220687,88.03068485456525
167,2024-05-20,13:24:35,0,0,0,94.335082749939,63.70716224830621,85.86550618471068
168,2024-05-20,13:34:45,0,0,0,81.13622077114127,63.73697989639851,97.50280367060338
169,2024-05-20,13:53:58,0,0,0,91.08013802498594,65.4135229866389,98.3887898848319
170,2024-05-20,14:00:26,0,0,0,91.4601879251158,67.2026734566889,84.08748020049633
171,2024-05-20,14:06:53,0,0,0,91.9977778368944,63.480234364117166,85.19207804049525
172,2024-05-20,14:29:27,0,0,0,79.59319350830829,64.67625240881007,80.66789462488147
173,2024-05-20,14:35:56,0,0,0,96.47541745689044,68.38298420605254,89.92896230860582
174,2024-05-20,14:42:24,0,0,0,82.16732136674861,67.57809817322469,84.32468931363465
175,2024-05-20,14:57:58,0,0,0,85.12564172290685,59.73362289869594,98.03887643283606
176,2024-05-20,15:12:40,0,0,0,94.06636540739945,69.27291394967568,83.54493207791025
177,2024-05-20,15:19:07,0,0,0,97.0463588195724,64.1888424149096,91.08291207235268
178,2024-05-20,15:25:35,0,0,0,83.26100496277667,66.29780236600926,90.0836993581194
179,2024-05-20,15:32:03,0,0,0,95.5418567812813,60.1413995370269,90.36991001456563
180,2024-05-20,15:38:31,0,0,0,91.14926700864068,67.89029717447042,80.76572322380171
181,2024-05-20,15:44:59,0,0,0,85.0882512931653,66.41836082100158,90.82676962127216
182,2024-05-20,15:56:28,0,0,0,91.52677773491624,70.79667112605696,89.84322263254079
183,2024-05-20,16:03:02,0,0,0,86.20740740752787,55.97937727022145,86.3034964801667
184,2024-05-20,16:09:30,0,0,0,93.23242274852916,63.441472667043925,93.14411845345252
185,2024-05-20,16:15:58,0,0,0,84.90895997467614,67.86229054597587,95.504564655651
186,2024-05-20,16:22:26,0,0,0,84.58275846956182,65.79903049020477,95.3327487639568
187,2024-05-20,16:28:53,0,0,0,95.41953694207784,62.31866694289875,89.23353868308344
188,2024-05-20,16:39:50,0,0,0,93.09350808663726,73.92310078247212,87.22411190401304
189,2024-05-20,16:46:17,0,0,0,101.52399376001756,63.284650929271976,76.83852422887938
190,2024-05-20,16:52:45,0,0,0,82.1984857050223,69.86017105733214,89.30255401151388
191,2024-05-20,16:59:12,0,0,0,84.41592664816805,57.41125200264803,88.68812877430862
192,2024-05-20,17:05:40,0,0,0,76.78964325590893,65.26346398066535,92.37395696049482
193,2024-05-20,17:12:07,0,0,0,87.3681500972361,75.54767355964191,93.97475972441502
194,2024-05-20,17:19:28,0,0,0,83.63376680720145,68.45696674647589,87.05483964105458
195,2024-05-20,17:25:55,0,0,0,88.1613146847111,73.12562509878255,89.04474265420473
196,2024-05-20,17:32:23,0,0,0,76.3560036478668,66.31072435844621,93.69925410790889
197,2024-05-20,17:38:50,0,0,0,83.09967110173332,65.60836579255944,85.29754484478258
198,2024-05-20,17:45:18,0,0,0,98.69090539760396,63.70459933234342,93.12978221941452
199,2024-05-20,17:51:46,0,0,0,98.3131060614716,69.96856768248365,87.12313304437998
200,2024-05-20,17:58:14,0,0,0,94.0958404775324,72.6435388686277,93.00144450670444
201,2024-05-20,18:04:42,0,0,0,83.91088561272694,64.47509708566861,87.53719876178523
202,2024-05-20,18:19:53,0,0,0,79.00119738841768,63.346933108264615,93.73413860656947
203,2024-05-20,18:30:40,0,0,0,87.22216864326919,72.13786409606108,91.77476639857883
204,2024-05-20,18:42:38,0,0,0,99.70589675832215,65.24008883070118,89.99977922759284
205,2024-05-20,18:50:10,0,0,0,85.99735530281548,67.16697811668723,91.31182088894056
206,2024-05-20,18:56:37,0,0,0,85.47509297016803,69.88366955046274,99.58729396998048
207,2024-05-20,19:03:04,1,0,0,87.75289158068188,57.98721716209078,85.4443710787418
208,2024-05-20,19:10:04,0,0,0,94.16237377428676,67.37518468008089,85.12403669193003
209,2024-05-20,19:16:32,0,0,0,92.95626115502976,63.70523538305631,89.59312531832626
210,2024-05-20,19:30:24,0,0,0,93.98725516945368,64.09621745974171,86.69242208544033
211,2024-05-20,19:38:24,0,0,0,94.54480518861445,66.85481890182808,89.26924834413249
212,2024-05-20,19:45:15,0,0,0,78.68675638754723,59.52667586218296,82.79349214381236
213,2024-05-20,20:02:11,0,0,0,93.97739604473904,54.95330744165895,92.86890554271386
214,2024-05-20,20:08:38,0,0,0,80.60295186862346,63.38925752189982,87.3481131021349
215,2024-05-20,21:05:16,0,0,0,82.6027899363247,65.97365338347761,91.03787700535511
216,2024-05-20,21:13:21,0,0,0,87.18979117391737,66.62124822804704,88.27889707475376
217,2024-05-20,21:19:48,0,0,0,85.42422951533638,70.43821922417695,90.3594766883053
218,2024-05-20,21:26:16,0,0,0,91.93721421929936,67.96424011366406,81.10734048482819
219,2024-05-20,21:32:43,0,0,0,92.61980101459052,60.06903054225381,87.16598710105916
220,2024-05-20,21:39:10,0,0,0,84.51711562587467,61.98537202469281,95.26511630203848
221,2024-05-20,21:45:37,0,0,0,88.03553300754369,63.64163907433234,85.36931327258942
222,2024-05-20,21:52:51,0,0,0,88.99830120333951,62.398202307523135,100.18396491639396
223,2024-05-20,21:59:19,0,0,0,83.81181401453318,71.85894986525983,96.16680164053696
224,2024-05-20,22:05:47,0,0,0,99.71751070410582,69.36291357018195,94.93647827210322
225,2024-05-20,22:12:15,0,0,0,82.76914766797407,72.9885256183765,92.31638891652756
226,2024-05-20,22:20:04,0,0,0,91.7557783120658,59.98541632871528,93.9077469949072
227,2024-05-20,22:26:32,0,0,0,92.85895566309242,58.63690071740967,95.0760650913772
228,2024-05-20,22:33:00,0,0,0,91.64091888509878,53.13378279707341,79.2206136633187
229,2024-05-20,22:45:23,0,0,0,85.06207275571927,66.48537075195583,95.30035355838548
230,2024-05-20,22:51:50,0,0,0,84.98361035526331,64.13018819770033,87.79398865558176
231,2024-05-20,22:58:18,0,0,0,101.32618243148556,60.75427466741967,90.16646245306792
232,2024-05-20,23:54:46,0,0,0,82.27095399819943,62.303789464501655,88.93076198615053
233,2024-05-21,00:01:14,0,0,0,94.27608797831157,67.75897797878571,87.27274522593686
234,2024-05-21,00:07:42,0,0,0,91.14714523543944,68.80527980305641,89.82258975496003
235,2024-05-21,00:14:09,0,0,0,95.17500184096956,58.35525908704814,91.3914818984801
236,2024-05-21,00:20:37,0,0,0,83.53126364668236,61.33727755634082,89.24811902144013
237,2024-05-21,00:27:05,0,0,0,93.10274824273267,59.55554299716093,91.57950776792286
238,2024-05-21,00:33:32,0,0,0,75.35093123489162,71.3576317327976,91.55557033084106
239,2024-05-21,00:40:00,0,0,0,74.97273563641096,64.79036130576418,95.02553181695887
240,2024-05-21,00:46:27,0,0,0,83.10021688220574,62.69943066833503,84.64581579161101
241,2024-05-21,00:52:54,0,0,0,80.49474847562885,66.71396614614325,85.4256021496048
242,2024-05-21,00:59:22,0,0,0,87.024704677553,65.67524489141074,83.23512578841577
243,2024-05-21,01:05:50,0,0,0,78.08204813794205,69.61325366207303,94.49213676610309
244,2024-05-21,01:12:17,0,0,0,89.6018754800582,67.8463329512644,87.50330065834288
245,2024-05-21,01:18:45,0,0,0,73.92775583451436,70.22526435117769,96.1774016846469
246,2024-05-21,01:25:12,0,0,0,80.2271610272442,66.7503913792023,94.75846362749186
247,2024-05-21,01:31:40,0,0,0,88.32053331694777,65.9840509879061,91.31246305207672
248,2024-05-21,01:38:07,0,0,0,89.04430235913178,69.88908056812512,90.5225729420941
249,2024-05-21,01:44:35,0,0,0,92.98494195874392,62.35126477507088,95.14603412112416
250,2024-05-21,01:51:02,0,0,0,85.33349145785668,69.04369125298196,95.39623096228549
251,2024-05-21,01:57:30,0,0,0,99.35170382691652,63.86818250306925,88.11474514493884
252,2024-05-21,02:06:31,0,0,0,79.88379432865248,62.43870118850875,79.48873570726903
253,2024-05-21,02:12:58,0,0,0,98.67218855703754,66.46507403433104,98.0981640536116
254,2024-05-21,02:19:25,0,0,0,85.83834550207074,69.88442833649165,88.38204303297205
255,2024-05-21,02:25:52,0,0,0,82.8272991806509,72.18539907186997,86.63104482875478
256,2024-05-21,02:32:19,0,0,0,94.58791889303184,66.29121404606923,87.94349150292193
257,2024-05-21,02:38:46,0,0,0,82.80406990516114,58.54016092927537,87.87695022614538
258,2024-05-21,02:45:12,0,0,0,91.57311491515976,59.74833884879423,84.94622979377657
259,2024-05-21,02:51:39,0,0,0,94.04901132825016,63.09073542838826,89.91743745206263
260,2024-05-21,02:58:06,0,0,0,76.88172465357914,63.02427972744924,82.0911453741018
261,2024-05-21,03:04:33,0,0,0,79.22261290001126,67.82030955235247,88.13466503584728
262,2024-05-21,03:11:00,0,0,0,98.38711121300774,61.49475010444264,89.4333616730665
263,2024-05-21,03:33:39,0,0,0,87.49403466770346,61.43678664358645,90.31807969918056
264,2024-05-21,03:44:40,0,0,0,82.05225733772666,66.53536015590814,87.52115877164044
265,2024-05-21,03:51:07,0,0,0,96.23929836874908,62.90816131861239,90.88098324212952
266,2024-05-21,03:57:33,0,0,0,74.47431812557225,72.75447225264357,93.0182855224936
267,2024-05-21,04:04:00,0,0,0,82.8061805738357,67.70527570122641,87.64871902526961
268,2024-05-21,04:10:27,0,0,0,91.71912451005409,69.70756099020856,90.04958423353125
269,2024-05-21,04:16:55,0,0,0,89.44830388526236,70.51851626089163,85.42365497084852
270,2024-05-21,04:23:22,0,0,0,83.30147475251235,54.546539956447546,82.5303347718589
271,2024-05-21,04:31:27,0,0,0,97.06601407496066,67.2922404923526,87.59573294100892
272,2024-05-21,04:38:33,0,0,0,87.99251955319185,58.8740102260646,83.14220784054413
273,2024-05-21,04:45:00,0,0,0,93.88654971275731,64.92249923579627,90.76913917168532
274,2024-05-21,04:51:27,0,0,0,87.77486852457358,61.11833259148656,88.86389941921423
275,2024-05-21,04:57:54,0,0,0,97.72288296970407,63.04901451224314,88.25771967303159
276,2024-05-21,05:04:21,0,0,0,85.35417547537394,60.989036720678,97.04427790117924
277,2024-05-21,05:10:48,0,0,0,98.31243993153052,54.0697023219853,94.73825067206536
278,2024-05-21,05:17:15,0,0,0,97.9387059496654,63.63214762923734,87.54650663630822
279,2024-05-21,15:35:12,0,0,0,93.87462599285357,64.50739437503184,86.13943730930647
280,2024-05-21,15:42:21,0,0,0,84.30068529718095,64.63273375966273,94.27734932406572
281,2024-05-21,15:49:31,0,0,0,77.55690180990997,63.0220265357624,90.9905977384238
282,2024-05-21,16:58:52,0,0,0,89.10199616871456,61.53071826101898,93.80534881437124
283,2024-05-21,17:06:02,0,0,0,80.37206425877692,81.88350393236874,82.95957852107283
284,2024-05-21,17:13:11,0,0,0,90.89063084311748,73.5730447473629,95.84574290195852
285,2024-05-21,17:20:20,0,0,0,92.69943716483893,66.69294489815798,92.4079296878593
286,2024-05-21,17:27:29,0,0,0,85.04118235181973,54.53152361952949,90.55720153743916
287,2024-05-21,18:13:12,0,1,0,93.41001637737315,64.87058773001492,97.20646530770014
288,2024-05-21,18:20:19,0,0,0,100.98005076357988,63.61098978937935,90.65445680022007
289,2024-05-21,18:27:24,0,0,0,67.88955418548161,60.39800879738773,87.38093185296773
290,2024-05-21,18:35:42,0,0,0,85.18754276274042,63.0726128812755,84.28100343183506
291,2024-05-21,18:51:38,1,0,0,100.25401813978576,69.03760812484235,91.37662414585292
292,2024-05-21,18:58:43,0,0,0,83.40656719410315,66.35695222326265,84.47384391898419
293,2024-05-21,19:05:48,0,0,0,93.85828871969971,64.18709912480067,95.59069818770742
294,2024-05-21,19:12:50,0,0,0,80.06100007359204,74.35194779538196,88.49986569022401
295,2024-05-21,19:19:57,0,0,0,82.27600894796474,67.29722400754034,87.55587569513027
296,2024-05-21,19:44:27,0,0,0,85.89996706898256,65.56953947801695,94.18379004989104
297,2024-05-21,19:51:32,0,0,0,90.18978253418088,64.36684336848285,87.84706547513582
298,2024-05-21,20:08:37,0,0,0,83.00746945920899,68.76372519855516,92.23665595619327
299,2024-05-21,21:24:23,0,0,0,101.92140466952426,60.73108105864819,90.9414407161222
300,2024-05-21,21:31:30,0,0,0,87.38480555370664,58.011653598961566,83.77521733891979
301,2024-05-21,21:38:37,0,0,0,83.84176337608223,65.3457184004444,89.4531830047758
302,2024-05-22,00:44:40,0,0,0,89.44280628662781,62.44082804040118,84.71425882403196
303,2024-05-22,00:51:50,0,0,0,78.38697744900566,65.9717972736774,89.13818009381899
304,2024-05-22,00:58:59,0,0,0,94.61033684144893,68.2455956034966,89.77693230941607
305,2024-05-22,01:06:08,0,0,0,89.24541348019393,72.88259332928574,90.18609264664516
306,2024-05-22,01:13:17,0,0,0,82.14047855492407,62.688005370985145,86.58839596383918
307,2024-05-22,01:20:26,0,0,0,86.68198708890458,71.898735371393,87.20016612144741
308,2024-05-22,01:27:36,0,0,0,89.87068041135599,67.74206961624839,92.84456959223526
309,2024-05-22,01:34:45,0,0,0,97.38266981481276,60.73619828694204,90.16689659063982
310,2024-05-22,01:41:52,0,0,0,90.85033371857192,57.808215188179055,90.9339908985599
311,2024-05-22,01:49:00,0,0,0,107.60424727968692,76.50129838917682,86.99778356369097
312,2024-05-22,01:56:07,0,0,0,101.56042418872592,60.24365729794597,89.89828791497476
313,2024-05-22,02:03:16,0,0,0,98.79841518632664,66.71910308609185,93.44709205420564
314,2024-05-22,02:10:25,0,0,0,84.32351643568022,55.11836782367831,90.02363091914816
315,2024-05-22,02:17:32,0,0,0,92.68911319417936,63.61069318420927,87.50919527886748
316,2024-05-22,02:24:42,0,0,0,90.3004290229745,64.50876046157298,89.505901369668
317,2024-05-22,02:31:51,0,0,0,104.51564966511364,66.630820435988,94.68352378743144
318,2024-05-22,02:39:00,0,0,0,97.91083814107834,69.89378043239161,88.69838405674763
319,2024-05-22,02:46:08,0,0,0,88.1251523665391,64.41590614937404,92.22125259200156
320,2024-05-22,05:59:56,0,0,0,88.03398442703424,66.76089330547408,89.90654208035764
321,2024-05-22,06:07:06,0,0,0,89.66651135773657,70.36594116864917,89.0271035848948
322,2024-05-22,06:14:16,0,0,0,90.86091428855768,62.54840710406047,82.24047208144435
323,2024-05-22,08:06:36,0,0,0,97.66091740776726,58.0240375331157,94.05145068877692
324,2024-05-22,08:20:27,0,0,0,93.30820992511458,67.25870398171556,85.74155218441118
325,2024-05-22,08:27:37,0,0,0,87.80553916012967,64.54217422288995,90.10805390620028
326,2024-05-22,08:34:46,0,0,0,86.93604021021044,63.5656608430826,94.88047346269865
327,2024-05-22,08:41:56,0,0,0,86.82074194654332,67.05686953583873,83.92854380108555
328,2024-05-22,09:13:22,1,0,0,83.89703846017032,73.17158378926335,88.64613752810318
329,2024-05-22,09:31:34,0,0,0,93.7782452361576,65.32671009868959,97.20388193802997
330,2024-05-22,09:41:51,0,0,0,81.8050956759796,55.7375943846868,96.76026646411
331,2024-05-22,09:49:00,0,0,0,96.63235140653846,62.016733398559474,97.59398528895792
332,2024-05-22,09:56:10,0,0,0,89.40028828629178,70.37138974739513,88.16705974686724
333,2024-05-22,10:14:36,0,0,0,94.63478064029744,74.90633807617041,101.57176765107596
334,2024-05-22,10:24:22,0,0,0,91.8046758048582,57.84836333972677,83.62162306282762
335,2024-05-22,10:31:32,0,0,0,75.93397037923512,60.13941407226103,94.06391574165131
336,2024-05-22,10:38:39,0,0,0,79.16433970747525,64.78651968699981,88.5292600152375
337,2024-05-22,10:54:48,0,0,0,93.55499962308978,62.2271724578333,81.62111946510858
338,2024-05-22,11:02:40,0,0,0,95.96077106193998,56.764498957820464,81.91406990422394
339,2024-05-22,11:09:49,0,0,0,90.06374956014083,69.9713265789127,95.71831506374056
340,2024-05-22,11:16:59,0,0,0,97.09510287025546,58.51844517767319,89.9259818986464
341,2024-05-22,11:24:08,0,0,0,77.9371368607011,68.46464924044267,84.73167048021689
342,2024-05-22,12:05:43,0,0,0,95.41906860220196,68.7510260970462,91.47119694111768
343,2024-05-22,12:18:14,0,0,0,96.11451586290607,66.07912241287718,104.2900254779004
344,2024-05-22,12:32:54,0,0,0,83.34914466620131,67.72582215903525,85.25919888883537
345,2024-05-22,12:40:04,0,0,0,91.86851262629236,73.28976569867142,90.69308663032268
346,2024-05-22,12:56:08,0,0,0,92.62067329311304,70.24796099201833,97.44154896219814
347,2024-05-22,13:08:34,0,0,0,86.4018852409397,70.6703059891066,88.81249983831934
348,2024-05-22,13:15:43,0,0,0,84.43363061587968,64.42493710209952,87.94472184426456
349,2024-05-22,13:22:52,0,0,0,85.86941849342588,65.33667118963102,86.96553336518218
350,2024-05-22,13:30:25,0,0,0,96.13305838182193,68.6319146978912,78.5565728065167
351,2024-05-22,13:58:38,0,0,0,79.26454909912732,73.75358767175719,86.30312171686802
352,2024-05-22,14:08:22,0,0,0,87.39487371321557,74.29719855472437,90.4093248609142
353,2024-05-22,14:17:16,0,0,0,99.96716802935408,69.5267046349979,95.85134929690416
354,2024-05-22,14:24:26,0,0,0,95.68957644872168,63.90762877725665,83.07961719362407
355,2024-05-22,14:31:36,0,0,0,84.10841165458417,64.45836716299432,93.75843918890956
356,2024-05-22,14:46:10,0,0,0,100.03102280286625,70.63756788480374,91.99716461868746
357,2024-05-22,14:53:20,1,0,0,79.7343685726946,67.17823463923288,87.99895525134774
358,2024-05-22,15:05:43,0,0,0,78.89859661614786,61.31425588435964,92.04382323200262
359,2024-05-22,15:12:49,1,0,0,84.11568659760596,71.51880698105177,94.34900287671678
360,2024-05-22,15:19:55,1,0,0,87.74729223707186,62.841026489996224,100.29060561958192
361,2024-05-22,15:28:20,0,0,0,90.90828270972976,63.259895082790045,90.09872015890106
362,2024-05-22,15:43:55,0,0,0,88.65967059462608,75.52790950793045,89.4148334290823
363,2024-05-22,16:08:16,0,0,0,97.71629025114248,73.60489460809337,87.37390033276054
364,2024-05-22,16:15:22,0,0,0,91.71342222618809,73.98799268161052,88.24423008560672
365,2024-05-22,16:22:26,0,0,0,90.3662409001076,64.04581481535699,98.9200835295861
366,2024-05-22,16:29:32,0,0,0,86.00703382354195,72.24863528709648,89.74237940118083
367,2024-05-22,16:36:40,0,0,0,89.76662623179588,63.74346030527019,86.19483767940261
368,2024-05-22,16:43:49,0,0,0,98.80364882231504,63.41378848511384,88.59733563430535
369,2024-05-22,17:01:29,0,0,0,75.00275850233601,54.09750234494157,88.16432983788508
370,2024-05-22,17:10:45,0,0,0,83.82117333620143,68.13051766582083,94.5333363339795
371,2024-05-22,17:17:53,0,0,0,82.42745039495041,58.08637088976722,95.7249126592285
372,2024-05-22,17:24:58,0,0,0,90.2019661888486,64.18403669602345,93.48435289955611
373,2024-05-22,17:32:04,0,0,0,91.79969659468888,62.44825954422014,92.432066844508
374,2024-05-22,17:41:08,0,0,0,88.87007982332972,67.15118113774571,81.24955753222415
375,2024-05-22,17:52:02,0,0,0,84.48882612834403,73.07424458389683,91.50972706331406
376,2024-05-22,17:59:11,0,0,0,99.56709215481992,66.31750687257379,89.77045913391322
377,2024-05-22,18:06:20,0,0,0,88.76273379653377,65.9298288346714,90.98295590779904
378,2024-05-22,18:13:27,0,0,0,87.02246168497409,58.64522613643927,83.56877943728614
379,2024-05-22,18:25:51,1,0,0,85.82323376075301,66.67622304241783,89.93851520752055
380,2024-05-22,18:35:10,0,0,0,87.03235461079137,68.92205300254453,86.1885314630453
381,2024-05-22,18:42:16,0,0,0,91.50132194632664,62.18477737543432,91.83726312744088
382,2024-05-22,18:49:20,0,0,0,87.35687974888263,53.94151006308913,87.77928309541821
383,2024-05-22,18:56:27,0,0,0,88.54214767333599,60.24880835367966,90.00501608293699
384,2024-05-22,19:19:31,0,0,0,88.61935496076472,67.4715878970106,92.83563098389496
385,2024-05-22,19:34:32,0,0,0,92.3756762668866,61.652632543887286,82.77909392923742
386,2024-05-22,19:41:41,0,0,0,89.85353626908817,66.45071392130912,91.69368308664995
387,2024-05-22,19:48:51,0,0,0,103.65678376080167,76.63943662279976,84.64583888080459
388,2024-05-22,19:55:57,0,0,0,62.71731479023918,71.6376497110606,89.52563073415264
389,2024-05-22,20:03:05,0,0,0,86.89212802034619,64.89950374708512,81.00367429212824
390,2024-05-22,21:49:01,0,0,0,90.185611607958,62.59706770948036,83.69468421764006
391,2024-05-22,22:05:54,0,0,0,88.49293672755003,64.4321610873661,85.15119412091492
392,2024-05-22,22:13:01,0,0,0,87.5988958481775,56.10779945509379,99.70031750156356
393,2024-05-22,22:20:08,0,0,0,88.24289160204584,60.344315989874055,85.15477116832062
394,2024-05-22,22:27:14,0,0,0,87.74521257404913,73.45152666925347,78.95460296107147
395,2024-05-22,22:34:21,0,0,0,79.65258229266692,70.44502485965926,91.69669985058714
396,2024-05-22,22:41:30,0,0,0,91.79393407620782,63.21386046693274,83.48385681161966
397,2024-05-22,22:49:04,0,0,0,96.0632968226072,57.12786445206066,86.40264465791891
398,2024-05-22,22:56:09,1,1,0,82.93868629198047,61.44272808193791,89.89048971554311
399,2024-05-22,23:03:11,0,0,0,80.37772979802178,59.80963562295712,95.14207267701792
400,2024-05-22,23:21:26,0,0,0,97.38289507452104,64.34848165432935,93.31228206544726
401,2024-05-22,23:28:36,0,0,0,91.47183036245566,67.2981337538914,86.92602728819487
402,2024-05-22,23:35:44,0,0,0,99.73149171061308,64.19968652164928,91.5780888356631
403,2024-05-22,23:42:54,0,0,0,84.42693698401243,64.58571076031862,105.94659285233011
404,2024-05-22,23:50:03,0,0,0,90.04752869549557,66.9206210393374,105.50670128937227
405,2024-05-22,23:57:12,0,0,0,86.72175959880484,66.86441573712496,98.8751625397078
406,2024-05-23,00:04:21,0,0,0,87.72140675795688,71.773483975876,93.14094059185253
407,2024-05-23,00:11:30,0,0,0,77.97843743257519,67.59663895508228,93.35869448807476
408,2024-05-23,00:18:39,1,0,0,81.35690485292352,62.054227694439405,86.09035526679348
409,2024-05-23,00:25:48,0,0,0,72.94177158291816,64.45128377148724,84.08440180169544
410,2024-05-23,00:32:57,0,0,0,84.89292754397614,65.860757355991,88.70769772385952
411,2024-05-23,00:40:06,0,0,0,96.58266677288724,73.81375050935624,98.19932533488875
412,2024-05-23,00:50:20,0,0,0,84.19433664544775,65.25123915678195,93.512964814504
413,2024-05-23,00:57:29,0,0,0,81.44301919586886,72.32273717360677,89.5836260316945
414,2024-05-23,01:04:38,0,0,0,84.46165490095544,68.54722465318156,92.7577191075908
415,2024-05-23,01:11:48,0,0,0,85.0959332247328,59.86923596726168,86.64921981343505
416,2024-05-23,01:18:57,0,0,0,89.3070813390768,75.05610257259865,85.29578613068065
417,2024-05-23,01:28:09,0,0,0,92.81610731993504,50.67993805216084,82.51122943210217
418,2024-05-23,01:35:14,0,0,0,89.84590051326354,68.14544086495751,90.54721341923188
419,2024-05-23,01:47:25,0,0,0,82.36672070636611,68.20664507395712,98.58577374930768
420,2024-05-23,01:54:32,0,0,0,91.60972227271756,61.84053644918704,101.05965047136866
421,2024-05-23,02:01:38,1,0,0,79.21152974473429,61.5393177312933,89.54607486077684
422,2024-05-23,02:08:48,0,0,0,90.82672917601876,58.511700719563706,88.93970338741761
423,2024-05-23,02:15:52,0,0,0,92.79451406538892,63.04639982911301,87.27529286923031
424,2024-05-23,02:22:58,0,0,0,86.19362338910034,68.02851115630087,94.5487845903599
425,2024-05-23,02:30:05,0,0,0,84.77893774011262,57.617016886995145,87.50481555377658
426,2024-05-23,02:37:12,0,0,0,94.55614659667538,64.36087601887316,78.24334339933205
427,2024-05-23,02:44:21,0,0,0,80.42145511328123,63.75918774312536,86.91781892967414
428,2024-05-23,02:51:28,1,0,0,98.04231023323742,71.99654615181453,108.05009632951555
429,2024-05-23,03:04:15,0,0,0,81.53698667421871,65.29786563719797,95.49286102535252
430,2024-05-23,03:11:24,0,0,0,81.0249083815825,64.0768240570575,84.57962740797697
431,2024-05-23,03:18:26,0,0,0,89.23384875175118,66.07976171352304,84.58198951642841
432,2024-05-23,03:25:31,0,0,0,82.99012655661886,65.67809940755798,83.95988970799209
433,2024-05-23,03:32:33,0,0,0,90.66234358438965,60.90030638139376,89.83748472405573
434,2024-05-23,03:39:38,0,0,0,82.1027500252411,71.22004225611273,90.50341282476526
435,2024-05-23,03:46:44,0,0,0,86.26703588868716,62.14353093340434,91.75298275460182
436,2024-05-23,04:16:24,0,0,0,93.54152226954108,53.85832881562923,93.56308826812952
437,2024-05-23,04:23:33,0,0,0,96.29719036454976,58.41381284434616,87.41111326431249
438,2024-05-23,04:30:41,0,0,0,91.30972862328105,66.7862702878847,88.08874114636548
439,2024-05-23,04:39:27,0,0,0,89.55315403081237,65.69787264274747,85.60196233252998
440,2024-05-23,04:47:44,0,0,0,92.8098514196632,61.77444163048712,91.76801296754677
441,2024-05-23,05:16:22,0,0,0,83.96637037504239,67.83349396287912,95.77579742369372
442,2024-05-23,05:23:32,0,0,0,92.37420328850791,69.99086795789572,83.39968669751585
443,2024-05-23,05:30:41,0,0,0,92.55319254466718,67.3201144013554,85.06745335476582
444,2024-05-23,05:37:50,0,0,0,90.36498454995464,62.95840651793763,86.13134021235071
445,2024-05-23,05:44:59,0,0,0,92.21502173136784,69.43214038669979,87.85016593309369
446,2024-05-23,05:52:08,0,0,0,91.53265784457292,67.00448055031194,91.6745809552118
447,2024-05-23,05:59:17,0,0,0,95.67329781432626,65.13535747003279,95.18311849752692
448,2024-05-23,06:06:26,0,0,0,92.34308466409212,59.73741628761779,93.86920203937916
449,2024-05-23,06:13:35,0,0,0,84.80923397403883,76.89482313144154,91.12915869516586
450,2024-05-23,07:44:54,0,0,0,83.8778971722499,68.96291820281736,93.57427092121524
451,2024-05-23,07:52:04,0,0,0,97.5055844778553,68.76551491785925,90.92474413666385
452,2024-05-23,07:59:13,0,0,0,88.63945867076826,57.780375642941614,98.91401614920188
453,2024-05-23,08:06:22,0,0,0,92.6888173248344,64.51610973110678,90.54871261042013
454,2024-05-23,08:13:31,0,0,0,89.03772772121957,68.20964748116721,93.51651167095744
455,2024-05-23,08:21:20,0,0,0,87.25630310515155,76.2889509743652,96.56814692515238
456,2024-05-23,08:29:28,0,0,0,83.09968120797615,69.53446957070062,90.19573799877963
457,2024-05-23,08:36:51,0,0,0,79.0550299604316,68.57939344197547,87.15353706481035
458,2024-05-23,08:44:00,0,0,0,88.40031423649317,71.34897433358955,81.63125617870848
459,2024-05-23,08:51:09,0,0,0,86.69066569059126,70.60021538757316,90.9635957676821
460,2024-05-23,09:04:51,0,0,0,95.34328317590912,73.62386953784865,74.70235457716251
1,2024-05-23,10:00:27,0,0,0,89.0,66.0,90.0
2,2024-05-23,10:16:00,0,0,0,89.0,67.0,90.0
3,2024-05-23,10:23:10,0,0,0,89.0,67.0,90.0
4,2024-05-23,10:30:19,0,0,0,89.0,66.0,90.0
5,2024-05-23,10:37:28,0,0,0,89.0,65.0,90.0
6,2024-05-23,10:46:49,0,0,0,89.0,68.0,90.0
7,2024-05-23,10:57:09,0,0,0,89.0,66.0,90.0
8,2024-05-23,11:04:19,0,0,0,89.0,63.0,90.0
9,2024-05-23,11:11:28,0,0,0,89.0,65.0,90.0
10,2024-05-23,11:18:37,0,0,0,89.0,66.0,90.0
11,2024-05-23,11:25:45,0,0,0,89.0,67.0,90.0
12,2024-05-23,12:06:30,0,0,0,88.0,66.0,89.0
13,2024-05-23,12:13:33,0,0,0,89.0,61.0,90.0
14,2024-05-23,12:20:48,0,0,0,89.0,64.0,90.0
15,2024-05-23,12:28:20,0,0,0,89.0,66.0,90.0
16,2024-05-23,12:41:53,0,0,0,89.0,65.0,90.0
17,2024-05-23,12:49:02,0,0,0,89.0,65.0,90.0
18,2024-05-23,12:56:11,0,0,0,89.0,67.0,90.0
19,2024-05-23,13:03:20,0,0,0,89.0,66.0,90.0
20,2024-05-23,13:10:29,0,0,0,89.0,66.0,90.0
21,2024-05-23,13:17:37,0,0,0,89.0,66.0,90.0
22,2024-05-23,13:24:44,0,0,0,89.0,65.0,90.0
23,2024-05-23,13:31:52,0,0,0,89.0,65.0,90.0
24,2024-05-23,13:39:00,0,0,0,89.0,65.0,90.0
25,2024-05-23,13:52:27,0,0,0,88.0,63.0,89.0
26,2024-05-23,13:59:38,0,0,0,88.0,64.0,89.0
27,2024-05-23,14:14:39,1,0,0,89.0,65.0,90.0
28,2024-05-23,14:21:56,0,0,0,88.0,62.0,89.0
29,2024-05-23,14:29:05,0,0,0,89.0,64.0,90.0
30,2024-05-23,14:36:15,0,0,0,89.0,64.0,90.0
31,2024-05-23,14:43:23,0,0,0,89.0,65.0,90.0
32,2024-05-23,14:50:32,0,0,0,88.0,64.0,89.0
33,2024-05-23,15:14:32,0,0,0,89.0,66.0,90.0
34,2024-05-23,15:21:38,0,1,0,87.0,61.0,88.0
35,2024-05-23,15:31:37,0,0,0,89.0,65.0,90.0
36,2024-05-23,15:45:12,0,0,0,89.0,66.0,90.0
37,2024-05-23,15:52:17,0,0,0,89.0,66.0,90.0
38,2024-05-23,15:59:22,0,0,0,89.0,63.0,90.0
39,2024-05-23,16:06:28,0,0,0,89.0,64.0,90.0
40,2024-05-23,16:13:35,0,0,0,89.0,65.0,90.0
41,2024-05-23,16:20:43,0,0,0,88.0,61.0,89.0
42,2024-05-23,16:27:51,0,0,0,89.0,66.0,90.0
43,2024-05-23,16:34:59,0,0,0,89.0,66.0,90.0
44,2024-05-23,16:42:07,0,0,0,89.0,68.0,90.0
45,2024-05-23,16:49:15,0,0,0,89.0,67.0,90.0
46,2024-05-23,16:56:23,0,0,0,89.0,65.0,90.0
47,2024-05-23,17:03:31,0,0,0,89.0,66.0,90.0
48,2024-05-23,17:10:40,0,1,0,87.0,60.0,88.0
49,2024-05-23,17:20:01,0,0,0,89.0,66.0,90.0
50,2024-05-23,17:27:06,0,0,0,89.0,66.0,90.0
51,2024-05-23,17:34:11,0,0,0,88.0,63.0,89.0
52,2024-05-23,17:41:16,0,0,0,89.0,62.0,90.0
53,2024-05-23,17:48:21,0,0,0,89.0,67.0,90.0
54,2024-05-23,18:16:04,0,0,0,89.0,65.0,90.0
55,2024-05-23,18:29:48,0,0,0,89.0,66.0,90.0
56,2024-05-23,18:36:58,0,0,0,89.0,64.0,90.0
57,2024-05-23,18:44:07,0,0,0,89.0,65.0,90.0
58,2024-05-23,18:51:16,0,0,0,88.0,64.0,89.0
59,2024-05-23,18:58:23,0,0,0,89.0,67.0,90.0
60,2024-05-23,19:05:32,0,0,0,89.0,68.0,90.0
61,2024-05-23,19:12:41,0,0,0,88.0,63.0,89.0
62,2024-05-23,19:21:16,0,1,0,49.0,32.0,88.0
63,2024-05-23,19:31:46,1,0,0,88.0,73.0,90.0
64,2024-05-23,19:31:56,1,0,0,88.0,73.0,90.0
65,2024-05-23,19:36:11,0,0,0,88.0,60.0,89.0
66,2024-05-23,19:48:28,0,0,0,89.0,66.0,90.0
67,2024-05-23,19:55:38,0,0,0,89.0,66.0,90.0
68,2024-05-23,20:02:44,1,0,0,89.0,63.0,90.0
69,2024-05-23,20:12:17,0,0,0,88.0,62.0,89.0
70,2024-05-23,20:19:25,0,0,0,88.0,61.0,89.0
71,2024-05-23,21:03:32,0,0,0,89.0,62.0,90.0
72,2024-05-23,21:10:41,0,0,0,88.0,62.0,89.0
73,2024-05-23,21:31:03,0,0,0,89.0,64.0,90.0
74,2024-05-23,21:38:39,0,0,0,89.0,65.0,90.0
75,2024-05-23,21:45:47,0,0,0,89.0,63.0,90.0
76,2024-05-23,21:58:47,0,0,0,89.0,65.0,90.0
77,2024-05-23,22:08:06,0,0,0,89.0,64.0,90.0
78,2024-05-23,22:15:15,0,0,0,89.0,62.0,90.0
79,2024-05-23,22:22:21,0,0,0,89.0,64.0,90.0
80,2024-05-23,22:29:27,0,0,0,89.0,66.0,90.0
81,2024-05-23,22:36:33,0,0,0,88.0,63.0,89.0
82,2024-05-23,22:43:35,0,1,0,86.0,61.0,87.0
83,2024-05-24,00:07:00,0,0,0,89.0,63.0,90.0
84,2024-05-24,00:14:09,0,1,0,87.0,62.0,88.0
85,2024-05-24,00:21:18,0,0,0,88.0,64.0,89.0
86,2024-05-24,00:28:27,0,0,0,89.0,63.0,90.0
87,2024-05-24,00:35:36,0,0,0,89.0,63.0,90.0
88,2024-05-24,00:42:45,0,0,0,89.0,64.0,90.0
89,2024-05-24,00:49:54,0,0,0,89.0,63.0,90.0
90,2024-05-24,00:57:03,0,0,0,89.0,62.0,90.0
91,2024-05-24,01:04:12,0,0,0,89.0,63.0,90.0
92,2024-05-24,01:11:21,0,0,0,89.0,65.0,90.0
93,2024-05-24,01:18:31,0,0,0,89.0,64.0,90.0
94,2024-05-24,01:25:40,0,0,0,89.0,61.0,90.0
95,2024-05-24,01:32:49,0,0,0,89.0,63.0,90.0
96,2024-05-24,01:39:58,0,0,0,89.0,63.0,90.0
97,2024-05-24,01:47:07,0,0,0,89.0,63.0,90.0
98,2024-05-24,01:54:16,0,0,0,89.0,63.0,90.0
99,2024-05-24,02:01:26,0,0,0,89.0,61.0,90.0
100,2024-05-24,02:08:35,0,0,0,89.0,62.0,90.0
101,2024-05-24,02:15:44,0,0,0,89.0,63.0,90.0
102,2024-05-24,02:22:53,0,0,0,88.0,62.0,89.0
103,2024-05-24,02:30:02,0,0,0,89.0,62.0,90.0
104,2024-05-24,02:37:12,0,0,0,89.0,62.0,90.0
105,2024-05-24,02:44:20,0,0,0,89.0,63.0,90.0
106,2024-05-24,03:52:16,0,0,0,89.0,63.0,90.0
107,2024-05-24,03:59:26,0,0,0,89.0,63.0,90.0
108,2024-05-24,04:06:35,0,0,0,89.0,63.0,90.0
109,2024-05-24,04:13:44,0,0,0,89.0,62.0,90.0
110,2024-05-24,04:20:53,0,0,0,89.0,62.0,90.0
111,2024-05-24,04:28:03,0,0,0,89.0,61.0,90.0
112,2024-05-24,04:35:12,0,0,0,89.0,63.0,90.0
113,2024-05-24,04:42:22,0,0,0,89.0,60.0,90.0
114,2024-05-24,04:49:31,0,0,0,89.0,62.0,90.0
115,2024-05-24,04:56:40,1,0,0,88.0,61.0,89.0
116,2024-05-24,05:03:49,0,0,0,89.0,61.0,90.0
117,2024-05-24,05:10:58,0,0,0,89.0,63.0,90.0
118,2024-05-24,05:18:07,0,0,0,89.0,63.0,90.0
119,2024-05-24,05:25:16,0,0,0,89.0,62.0,90.0
120,2024-05-24,05:32:25,0,0,0,89.0,63.0,90.0
121,2024-05-24,05:39:34,0,0,0,88.0,62.0,89.0
122,2024-05-24,05:46:44,0,0,0,89.0,62.0,90.0
123,2024-05-24,05:58:10,0,0,0,89.0,63.0,90.0
124,2024-05-24,06:05:19,1,0,0,89.0,63.0,90.0
125,2024-05-24,06:12:28,1,0,0,89.0,61.0,90.0
126,2024-05-24,07:01:33,0,0,0,89.0,63.0,90.0
127,2024-05-24,07:17:33,0,0,0,89.0,62.0,90.0
128,2024-05-24,07:24:42,0,0,0,89.0,62.0,90.0
129,2024-05-24,07:34:23,0,0,0,89.0,65.0,90.0
130,2024-05-24,07:41:33,0,0,0,89.0,63.0,90.0
131,2024-05-24,07:48:41,0,0,0,89.0,63.0,90.0
132,2024-05-24,07:55:50,0,0,0,89.0,64.0,90.0
133,2024-05-24,08:07:50,0,0,0,89.0,61.0,90.0
134,2024-05-24,08:14:59,0,0,0,89.0,64.0,90.0
135,2024-05-24,08:22:08,1,0,0,89.0,63.0,90.0
136,2024-05-24,08:29:17,1,0,0,89.0,64.0,90.0
137,2024-05-24,08:36:26,0,0,0,89.0,62.0,90.0
138,2024-05-24,08:43:35,0,0,0,89.0,61.0,90.0
139,2024-05-24,08:50:40,0,0,0,89.0,63.0,90.0
140,2024-05-24,08:57:49,0,0,0,89.0,61.0,90.0
141,2024-05-24,09:04:57,0,0,0,89.0,64.0,90.0
142,2024-05-24,09:13:52,1,0,0,89.0,64.0,90.0
143,2024-05-24,09:20:57,0,0,0,89.0,63.0,90.0
144,2024-05-24,09:28:03,0,0,0,89.0,62.0,90.0
145,2024-05-24,09:35:09,0,0,0,89.0,65.0,90.0
146,2024-05-24,09:42:15,1,0,0,89.0,65.0,90.0
147,2024-05-24,09:49:24,0,0,0,89.0,64.0,90.0
148,2024-05-24,10:01:18,0,0,0,88.0,62.0,89.0
149,2024-05-24,10:08:27,1,0,0,89.0,65.0,90.0
150,2024-05-24,10:15:36,1,0,0,89.0,64.0,90.0
151,2024-05-24,10:22:37,1,0,0,89.0,67.0,91.0
152,2024-05-24,10:29:45,1,0,0,88.0,66.0,90.0
153,2024-05-24,10:36:52,0,0,0,88.0,59.0,89.0
154,2024-05-24,10:46:07,0,0,0,89.0,63.0,90.0
155,2024-05-24,10:53:17,0,0,0,88.0,63.0,89.0
156,2024-05-24,11:00:25,1,0,0,88.0,63.0,90.0
157,2024-05-24,11:07:33,1,0,0,89.0,63.0,90.0
158,2024-05-24,11:14:42,0,0,0,89.0,65.0,90.0
159,2024-05-24,11:21:51,0,0,0,89.0,63.0,90.0
160,2024-05-24,12:18:32,0,0,0,89.0,67.0,90.0
161,2024-05-24,12:25:42,0,0,0,89.0,69.0,90.0
162,2024-05-24,12:33:03,1,0,0,89.0,68.0,90.0
163,2024-05-24,13:20:05,0,0,0,89.0,66.0,90.0
164,2024-05-24,13:29:18,0,0,0,89.0,67.0,90.0
165,2024-05-24,13:43:21,1,0,0,89.0,66.0,90.0
166,2024-05-24,13:53:20,0,0,0,89.0,67.0,90.0
167,2024-05-24,14:00:57,0,0,0,89.0,69.0,90.0
168,2024-05-24,14:08:37,0,0,0,89.0,69.0,90.0
169,2024-05-24,15:01:19,0,0,0,89.0,68.0,90.0
170,2024-05-24,15:10:30,0,0,0,89.0,67.0,90.0
171,2024-05-24,15:17:39,0,0,0,89.0,66.0,90.0
172,2024-05-24,15:28:28,0,0,0,89.0,68.0,90.0
173,2024-05-24,15:54:32,1,0,0,89.0,67.0,90.0
174,2024-05-24,16:08:55,0,0,0,89.0,65.0,90.0
175,2024-05-24,16:16:03,0,0,0,89.0,65.0,90.0
176,2024-05-24,16:23:23,0,0,0,89.0,67.0,90.0
177,2024-05-24,16:30:30,0,0,0,89.0,67.0,90.0
178,2024-05-24,16:37:35,0,0,0,89.0,67.0,90.0
179,2024-05-24,16:44:41,0,0,0,89.0,67.0,90.0
180,2024-05-24,16:51:48,0,0,0,89.0,67.0,90.0
181,2024-05-24,16:58:57,0,0,0,89.0,67.0,90.0
182,2024-05-24,17:06:05,0,0,0,89.0,66.0,90.0
183,2024-05-24,17:13:43,0,0,0,88.0,65.0,89.0
184,2024-05-24,17:20:46,0,0,0,89.0,65.0,90.0
185,2024-05-24,19:31:51,0,0,0,89.0,64.0,90.0
186,2024-05-24,19:39:01,0,0,0,89.0,65.0,90.0
187,2024-05-24,19:46:10,0,0,0,88.0,64.0,89.0
188,2024-05-24,19:53:19,0,0,0,89.0,66.0,90.0
189,2024-05-24,20:00:28,0,0,0,89.0,65.0,90.0
190,2024-05-24,20:19:44,0,0,0,89.0,67.0,90.0
191,2024-05-24,20:26:53,0,0,0,89.0,66.0,90.0
192,2024-05-24,21:05:25,0,0,0,89.0,66.0,90.0
193,2024-05-24,21:12:32,0,0,0,89.0,66.0,90.0
194,2024-05-24,21:28:12,0,0,0,89.0,68.0,90.0
195,2024-05-24,21:35:22,0,0,0,89.0,66.0,90.0
196,2024-05-24,21:44:22,0,0,0,89.0,66.0,90.0
197,2024-05-24,21:51:28,0,0,0,89.0,65.0,90.0
198,2024-05-24,21:58:34,0,0,0,89.0,66.0,90.0
199,2024-05-24,22:05:40,0,0,0,89.0,66.0,90.0
200,2024-05-24,22:14:32,0,0,0,89.0,62.0,90.0
201,2024-05-24,22:21:42,0,0,0,89.0,67.0,90.0
202,2024-05-25,01:15:03,0,0,0,89.0,66.0,90.0
203,2024-05-25,01:22:09,0,0,0,89.0,66.0,90.0
204,2024-05-25,01:29:16,0,0,0,89.0,67.0,90.0
205,2024-05-25,01:36:23,0,0,0,89.0,66.0,90.0
206,2024-05-25,01:43:32,1,0,0,89.0,65.0,90.0
207,2024-05-25,01:51:13,0,0,0,89.0,66.0,90.0
208,2024-05-25,01:59:15,0,0,0,89.0,65.0,90.0
209,2024-05-25,02:06:22,0,0,0,88.0,65.0,89.0
210,2024-05-25,02:13:27,0,0,0,89.0,66.0,90.0
211,2024-05-25,02:20:33,0,0,0,89.0,66.0,90.0
212,2024-05-25,02:27:41,0,0,0,89.0,65.0,90.0
213,2024-05-25,02:36:53,0,0,0,89.0,67.0,90.0
214,2024-05-25,02:44:02,0,0,0,89.0,68.0,90.0
215,2024-05-25,02:51:11,0,0,0,89.0,67.0,90.0
216,2024-05-25,02:58:20,0,0,0,89.0,67.0,90.0
217,2024-05-25,03:05:30,0,0,0,89.0,64.0,90.0
218,2024-05-25,03:12:39,0,0,0,89.0,67.0,90.0
219,2024-05-25,03:19:48,0,0,0,89.0,68.0,90.0
220,2024-05-25,03:26:58,0,0,0,89.0,67.0,90.0
221,2024-05-25,03:34:05,1,0,0,89.0,68.0,90.0
222,2024-05-25,03:43:21,0,0,0,89.0,66.0,90.0
223,2024-05-25,03:51:46,0,0,0,89.0,67.0,90.0
224,2024-05-25,03:58:52,0,0,0,89.0,67.0,90.0
225,2024-05-25,04:45:26,0,0,0,89.0,66.0,90.0
226,2024-05-25,04:52:35,1,0,0,89.0,66.0,90.0
227,2024-05-25,04:59:45,0,0,0,89.0,67.0,90.0
228,2024-05-25,05:06:55,0,0,0,89.0,67.0,90.0
229,2024-05-25,05:14:04,0,0,0,89.0,66.0,90.0
230,2024-05-25,05:21:13,0,0,0,89.0,67.0,90.0
231,2024-05-25,05:28:22,0,0,0,89.0,66.0,90.0
232,2024-05-25,05:35:32,0,0,0,89.0,65.0,90.0
233,2024-05-25,05:42:41,0,0,0,88.0,66.0,90.0
234,2024-05-25,05:49:51,0,0,0,89.0,66.0,90.0
235,2024-05-25,05:57:00,0,0,0,89.0,64.0,90.0
236,2024-05-25,06:04:09,0,0,0,89.0,66.0,90.0
237,2024-05-25,06:16:45,0,0,0,89.0,67.0,90.0
238,2024-05-25,07:11:15,0,0,0,89.0,66.0,90.0
239,2024-05-25,07:27:02,0,0,0,89.0,69.0,90.0
240,2024-05-25,07:34:12,0,0,0,89.0,66.0,90.0
241,2024-05-25,07:41:22,0,0,0,89.0,68.0,90.0
242,2024-05-25,07:48:31,1,0,0,89.0,67.0,90.0
243,2024-05-25,07:55:52,0,0,0,89.0,67.0,90.0
244,2024-05-25,08:03:01,0,0,0,89.0,64.0,90.0
245,2024-05-25,08:10:09,0,0,0,89.0,65.0,90.0
246,2024-05-25,08:17:18,0,1,0,87.0,63.0,88.0
247,2024-05-25,08:24:26,0,0,0,89.0,66.0,90.0
248,2024-05-25,08:31:34,1,1,0,83.0,59.0,84.0
249,2024-05-25,08:46:07,0,0,0,89.0,64.0,90.0
250,2024-05-25,08:47:30,1,0,0,88.0,72.0,92.0
251,2024-05-25,09:13:38,0,0,0,89.0,65.0,90.0
252,2024-05-25,09:20:48,0,0,0,89.0,66.0,90.0
253,2024-05-25,09:29:57,0,0,0,89.0,66.0,90.0
254,2024-05-25,10:00:14,0,0,0,89.0,63.0,90.0
255,2024-05-25,10:07:25,0,0,0,89.0,66.0,90.0
256,2024-05-25,10:14:34,0,0,0,89.0,65.0,90.0
257,2024-05-25,10:21:40,0,0,0,89.0,66.0,90.0
258,2024-05-25,10:38:52,0,0,0,89.0,65.0,90.0
259,2024-05-25,10:46:17,0,0,0,89.0,67.0,90.0
260,2024-05-25,10:55:20,0,0,0,89.0,67.0,90.0
261,2024-05-25,11:03:14,0,0,0,88.0,62.0,89.0
262,2024-05-25,11:13:21,0,0,0,89.0,65.0,90.0
263,2024-05-25,11:20:31,0,0,0,88.0,62.0,89.0
264,2024-05-25,11:27:41,0,1,0,87.0,65.0,88.0
265,2024-05-25,12:14:07,0,0,0,88.0,64.0,89.0
266,2024-05-25,12:21:12,0,0,0,89.0,65.0,90.0
267,2024-05-25,12:28:18,0,0,0,89.0,65.0,90.0
268,2024-05-25,12:45:58,0,0,0,89.0,68.0,90.0
269,2024-05-25,12:53:09,0,0,0,89.0,64.0,90.0
270,2024-05-25,13:00:21,0,0,0,89.0,65.0,90.0
271,2024-05-25,13:07:31,0,0,0,89.0,65.0,90.0
272,2024-05-25,13:19:56,0,0,0,89.0,64.0,90.0
273,2024-05-25,13:28:51,0,0,0,88.0,63.0,89.0
274,2024-05-25,15:08:50,0,0,0,89.0,68.0,90.0
275,2024-05-25,15:16:00,0,0,0,89.0,68.0,90.0
276,2024-05-25,15:23:10,0,0,0,89.0,67.0,90.0
277,2024-05-25,15:30:19,0,0,0,89.0,66.0,90.0
278,2024-05-25,15:37:28,0,0,0,89.0,68.0,90.0
279,2024-05-25,15:44:37,0,0,0,89.0,66.0,90.0
280,2024-05-25,15:51:46,0,0,0,89.0,66.0,90.0
281,2024-05-25,15:58:54,0,0,0,88.0,67.0,89.0
282,2024-05-25,16:06:03,0,0,0,89.0,67.0,90.0
283,2024-05-25,16:13:12,0,1,0,87.0,63.0,88.0
284,2024-05-25,16:48:49,0,0,0,89.0,68.0,90.0
285,2024-05-25,16:58:03,0,0,0,89.0,68.0,90.0
286,2024-05-25,17:07:34,0,0,0,89.0,69.0,90.0
287,2024-05-25,17:14:44,0,0,0,89.0,65.0,90.0
288,2024-05-25,17:26:38,0,0,0,89.0,67.0,90.0
289,2024-05-25,17:33:49,0,0,0,89.0,68.0,90.0
290,2024-05-25,17:40:58,0,0,0,89.0,68.0,90.0
291,2024-05-25,17:48:06,0,0,0,89.0,68.0,90.0
292,2024-05-25,17:56:15,0,0,0,89.0,67.0,90.0
293,2024-05-25,18:03:22,0,0,0,89.0,66.0,90.0
294,2024-05-25,18:10:28,0,0,0,89.0,66.0,90.0
295,2024-05-25,18:17:33,0,0,0,89.0,66.0,90.0
296,2024-05-25,18:43:02,0,0,0,89.0,66.0,90.0
297,2024-05-25,18:58:38,0,0,0,89.0,66.0,90.0
298,2024-05-27,06:34:47,0,0,0,89.0,65.0,90.0
299,2024-05-27,06:42:24,0,0,0,89.0,65.0,90.0
300,2024-05-27,07:13:53,0,0,0,89.0,67.0,90.0
301,2024-05-27,07:28:09,0,0,0,89.0,64.0,90.0
302,2024-05-27,07:35:17,0,0,0,89.0,65.0,90.0
303,2024-05-27,07:42:23,0,0,0,89.0,64.0,90.0
304,2024-05-27,07:49:31,0,0,0,89.0,66.0,90.0
305,2024-05-27,07:56:39,0,0,0,89.0,65.0,90.0
306,2024-05-27,08:03:49,0,0,0,89.0,64.0,90.0
307,2024-05-27,08:10:58,0,0,0,89.0,66.0,90.0
308,2024-05-27,08:18:08,0,0,0,89.0,66.0,90.0
309,2024-05-27,08:30:47,0,0,0,89.0,66.0,90.0
310,2024-05-27,08:37:53,0,0,0,89.0,67.0,90.0
311,2024-05-27,08:45:06,0,0,0,89.0,68.0,90.0
312,2024-05-27,08:57:12,0,0,0,89.0,64.0,90.0
313,2024-05-27,09:25:58,0,0,0,89.0,66.0,90.0
314,2024-05-27,09:40:54,0,0,0,89.0,65.0,90.0
315,2024-05-27,09:48:05,0,0,0,89.0,67.0,90.0
316,2024-05-27,09:56:10,0,0,0,89.0,66.0,90.0
317,2024-05-27,10:03:20,0,0,0,89.0,63.0,90.0
318,2024-05-27,10:10:30,0,0,0,89.0,66.0,90.0
319,2024-05-27,10:17:40,0,0,0,89.0,65.0,90.0
320,2024-05-27,10:30:28,0,0,0,89.0,65.0,90.0
321,2024-05-27,10:37:35,0,0,0,89.0,62.0,90.0
322,2024-05-27,10:44:41,0,0,0,89.0,64.0,90.0
323,2024-05-27,10:54:09,0,0,0,89.0,64.0,90.0
324,2024-05-27,11:01:19,0,0,0,89.0,64.0,90.0
325,2024-05-27,11:08:28,0,0,1,0.0,0.0,0.0
1,2024-05-27,13:05:04,0,0,0,89.0,65.0,90.0
2,2024-05-27,13:12:15,0,0,0,89.0,64.0,90.0
3,2024-05-27,13:19:26,0,0,0,88.0,64.0,89.0
4,2024-05-27,13:26:37,0,0,0,89.0,65.0,90.0
5,2024-05-27,13:33:46,0,0,0,90.0,65.0,91.0
6,2024-05-27,13:40:49,0,0,0,89.0,64.0,90.0
7,2024-05-27,13:53:07,0,0,0,89.0,66.0,90.0
8,2024-05-27,14:00:13,0,0,0,89.0,67.0,90.0
9,2024-05-27,14:07:18,0,0,0,89.0,67.0,90.0
10,2024-05-27,14:23:51,0,0,0,89.0,66.0,90.0
11,2024-05-27,14:30:55,0,0,0,89.0,68.0,90.0
12,2024-05-27,15:21:49,0,0,0,89.0,68.0,90.0
13,2024-05-27,15:32:39,0,0,0,89.0,67.0,90.0
14,2024-05-27,15:39:50,0,0,0,89.0,68.0,90.0
15,2024-05-27,15:49:02,0,0,0,89.0,69.0,90.0
16,2024-05-27,15:56:12,0,0,0,89.0,67.0,90.0
17,2024-05-27,16:03:22,0,0,0,89.0,67.0,90.0
18,2024-05-27,16:10:32,0,0,0,89.0,68.0,90.0
19,2024-05-27,16:17:42,0,0,0,89.0,66.0,90.0
20,2024-05-27,16:34:17,0,0,0,89.0,66.0,90.0
21,2024-05-27,16:41:28,0,0,0,89.0,70.0,90.0
22,2024-05-27,16:48:38,0,0,0,89.0,66.0,90.0
23,2024-05-27,16:55:49,0,0,0,89.0,67.0,90.0
24,2024-05-27,17:02:59,0,0,0,89.0,68.0,90.0
25,2024-05-27,17:10:10,0,0,0,89.0,67.0,90.0
26,2024-05-27,17:17:19,0,0,0,89.0,67.0,90.0
27,2024-05-27,17:28:14,0,0,0,89.0,68.0,90.0
28,2024-05-27,17:36:07,0,0,0,89.0,67.0,90.0
29,2024-05-27,17:43:17,0,0,0,89.0,69.0,90.0
30,2024-05-27,17:50:27,0,0,0,89.0,69.0,90.0
31,2024-05-27,17:57:44,0,0,0,89.0,67.0,90.0
32,2024-05-27,18:04:50,0,0,0,89.0,69.0,90.0
33,2024-05-27,18:17:02,0,0,0,89.0,66.0,90.0
34,2024-05-27,18:24:09,0,0,0,89.0,67.0,90.0
35,2024-05-27,18:31:15,0,0,0,89.0,70.0,90.0
36,2024-05-27,18:38:22,0,0,0,89.0,67.0,90.0
37,2024-05-27,18:45:27,0,0,0,89.0,68.0,90.0
38,2024-05-27,18:52:37,0,0,0,89.0,67.0,90.0
39,2024-05-27,19:24:40,0,0,0,89.0,66.0,90.0
40,2024-05-27,19:31:50,0,0,0,89.0,69.0,90.0
41,2024-05-27,19:39:00,0,1,0,24.0,19.0,98.0
42,2024-05-27,19:41:31,0,0,0,89.0,69.0,90.0
43,2024-05-27,19:48:33,0,0,0,89.0,67.0,90.0
44,2024-05-27,19:55:41,0,1,0,86.0,65.0,92.0
45,2024-05-27,21:06:36,0,0,0,89.0,66.0,90.0
46,2024-05-27,21:18:17,0,0,0,89.0,68.0,90.0
47,2024-05-27,21:25:24,0,0,0,89.0,67.0,90.0
48,2024-05-27,21:42:22,0,0,0,89.0,67.0,90.0
49,2024-05-27,21:55:30,0,0,0,89.0,65.0,90.0
50,2024-05-27,22:02:41,0,0,0,89.0,67.0,90.0
51,2024-05-27,22:09:51,0,0,0,89.0,66.0,90.0
52,2024-05-27,22:29:37,0,0,0,89.0,68.0,90.0
53,2024-05-27,22:41:02,0,0,0,89.0,68.0,90.0
54,2024-05-27,23:10:14,0,0,0,89.0,66.0,90.0
55,2024-05-27,23:25:43,0,0,0,89.0,67.0,90.0
56,2024-05-27,23:33:55,0,0,0,89.0,66.0,90.0
57,2024-05-27,23:46:58,0,0,0,89.0,65.0,90.0
58,2024-05-27,23:54:05,0,0,0,89.0,67.0,90.0
59,2024-05-28,00:01:12,0,0,0,89.0,69.0,90.0
60,2024-05-28,00:08:18,0,0,0,89.0,67.0,90.0
61,2024-05-28,00:15:26,0,0,0,89.0,65.0,90.0
62,2024-05-28,00:22:35,0,0,0,89.0,66.0,90.0
63,2024-05-28,00:29:44,0,0,0,89.0,66.0,90.0
64,2024-05-28,00:36:53,0,0,0,89.0,67.0,90.0
65,2024-05-28,00:43:55,0,0,0,89.0,67.0,90.0
66,2024-05-28,00:59:16,0,0,0,89.0,64.0,90.0
67,2024-05-28,01:06:25,0,0,0,89.0,67.0,90.0
68,2024-05-28,01:13:35,0,0,0,89.0,66.0,90.0
69,2024-05-28,01:20:45,0,0,0,89.0,65.0,90.0
70,2024-05-28,01:33:42,0,0,0,89.0,65.0,90.0
71,2024-05-28,01:51:08,0,0,0,88.0,67.0,89.0
72,2024-05-28,02:00:24,0,0,0,89.0,66.0,90.0
73,2024-05-28,02:09:41,0,0,0,89.0,64.0,90.0
74,2024-05-28,02:18:36,0,0,0,89.0,65.0,90.0
75,2024-05-28,02:26:07,0,0,0,88.0,65.0,89.0
76,2024-05-28,02:51:38,0,0,0,89.0,65.0,90.0
77,2024-05-28,02:58:48,0,0,0,89.0,67.0,90.0
78,2024-05-28,03:05:57,0,0,0,88.0,66.0,89.0
79,2024-05-28,03:35:33,0,0,0,89.0,66.0,90.0
80,2024-05-28,03:42:43,0,0,0,88.0,66.0,89.0
81,2024-05-28,03:49:52,1,0,0,89.0,66.0,90.0
82,2024-05-28,03:58:12,0,0,0,89.0,65.0,90.0
83,2024-05-28,04:09:49,0,0,0,89.0,67.0,90.0
84,2024-05-28,04:16:59,0,0,0,89.0,66.0,90.0
85,2024-05-28,04:24:48,0,0,0,89.0,64.0,90.0
86,2024-05-28,04:31:54,0,0,0,89.0,68.0,90.0
87,2024-05-28,04:41:39,0,0,0,89.0,67.0,90.0
88,2024-05-28,04:48:46,0,0,0,89.0,65.0,90.0
89,2024-05-28,04:55:52,0,0,0,89.0,66.0,90.0
90,2024-05-28,05:06:05,0,0,0,89.0,65.0,90.0
91,2024-05-28,05:13:11,0,0,0,89.0,64.0,90.0
92,2024-05-28,05:20:18,0,0,0,89.0,65.0,90.0
93,2024-05-28,05:27:28,0,0,0,89.0,66.0,90.0
94,2024-05-28,05:43:15,0,0,0,89.0,66.0,90.0
95,2024-05-28,05:50:24,0,0,0,89.0,65.0,90.0
96,2024-05-28,05:57:34,0,0,0,88.0,67.0,89.0
97,2024-05-28,06:04:43,0,0,0,89.0,65.0,90.0
98,2024-05-28,06:29:42,0,0,0,88.0,65.0,89.0
99,2024-05-28,06:36:54,0,0,0,89.0,67.0,90.0
100,2024-05-28,06:44:04,0,0,0,89.0,66.0,90.0
101,2024-05-28,06:51:14,0,0,0,89.0,67.0,90.0
102,2024-05-28,06:58:22,0,0,0,88.0,67.0,89.0
103,2024-05-28,07:10:29,0,0,0,89.0,67.0,90.0
104,2024-05-28,07:20:14,1,0,0,89.0,65.0,90.0
105,2024-05-28,07:34:38,0,0,0,88.0,66.0,89.0
106,2024-05-28,07:46:07,0,0,0,89.0,68.0,90.0
107,2024-05-28,07:53:14,0,0,0,89.0,66.0,90.0
108,2024-05-28,08:00:21,0,0,0,89.0,64.0,90.0
109,2024-05-28,08:07:27,0,0,0,89.0,66.0,90.0
110,2024-05-28,08:19:17,0,0,0,89.0,66.0,90.0
111,2024-05-28,08:26:36,0,0,1,0.0,0.0,0.0
1,2024-06-02,00:34:02,1,0,0,88.0,76.0,90.0
2,2024-06-02,00:34:13,1,0,1,88.0,76.0,90.0
3,2024-06-02,00:34:21,1,0,1,88.0,76.0,90.0
4,2024-06-02,00:34:27,1,0,1,88.0,77.0,90.0
5,2024-06-02,00:34:35,1,0,1,88.0,76.0,90.0
6,2024-06-02,00:35:41,1,0,1,88.0,75.0,90.0
7,2024-06-02,00:35:57,1,0,1,88.0,75.0,90.0
8,2024-06-02,00:36:05,1,0,1,88.0,75.0,90.0
9,2024-06-02,00:41:52,1,0,1,88.0,75.0,90.0
10,2024-06-02,03:44:22,1,0,1,88.0,75.0,90.0
11,2024-06-03,11:18:05,1,0,0,88.0,74.0,90.0
2,2024-06-03,13:14:54,0,0,0,89.0,69.0,90.0
3,2024-06-03,13:21:34,0,0,0,89.0,67.0,90.0
4,2024-06-03,13:28:07,1,0,0,89.0,69.0,90.0
5,2024-06-03,13:37:00,0,0,0,89.0,68.0,90.0
6,2024-06-03,14:07:05,0,0,0,89.0,65.0,90.0
7,2024-06-03,14:29:43,0,0,0,89.0,67.0,90.0
8,2024-06-03,14:36:15,0,0,0,89.0,68.0,90.0
9,2024-06-03,14:42:47,0,0,0,89.0,67.0,90.0
10,2024-06-03,14:49:19,0,0,0,89.0,67.0,90.0
11,2024-06-03,14:55:51,0,0,0,89.0,68.0,90.0
12,2024-06-03,15:02:23,0,0,0,89.0,68.0,90.0
13,2024-06-03,15:08:55,0,0,0,89.0,68.0,90.0
14,2024-06-03,15:15:26,0,0,0,89.0,67.0,90.0
15,2024-06-03,15:22:44,0,0,0,89.0,66.0,90.0
16,2024-06-03,15:33:18,0,0,0,89.0,67.0,90.0
17,2024-06-03,15:47:02,0,0,0,89.0,67.0,90.0
18,2024-06-03,15:53:35,0,0,0,89.0,66.0,90.0
19,2024-06-03,16:00:07,0,1,0,67.0,50.0,90.0
20,2024-06-03,16:06:39,0,0,0,89.0,68.0,90.0
21,2024-06-03,16:16:14,0,0,0,89.0,68.0,90.0
22,2024-06-03,16:22:46,0,0,0,89.0,67.0,90.0
23,2024-06-03,16:29:18,0,0,0,89.0,67.0,90.0
24,2024-06-03,16:35:49,0,0,0,89.0,68.0,90.0
25,2024-06-03,16:42:21,0,0,0,89.0,69.0,90.0
26,2024-06-03,16:48:53,1,0,0,89.0,68.0,90.0
27,2024-06-03,16:55:25,0,0,0,89.0,68.0,90.0
28,2024-06-03,17:01:56,0,0,0,89.0,68.0,90.0
29,2024-06-03,17:08:28,0,0,0,89.0,69.0,90.0
30,2024-06-03,17:15:01,0,0,0,89.0,69.0,90.0
31,2024-06-03,17:21:32,1,0,0,89.0,68.0,90.0
32,2024-06-03,17:29:02,0,0,0,88.0,70.0,90.0
33,2024-06-03,17:47:57,0,0,0,89.0,69.0,90.0
34,2024-06-03,17:58:34,0,0,0,89.0,70.0,90.0
35,2024-06-03,18:07:13,0,0,0,89.0,68.0,90.0
36,2024-06-03,18:13:44,0,0,0,89.0,66.0,90.0
37,2024-06-03,18:20:15,0,0,0,89.0,70.0,90.0
38,2024-06-03,18:26:54,0,0,0,88.0,70.0,90.0
39,2024-06-03,18:33:25,0,0,0,89.0,70.0,90.0
40,2024-06-03,18:39:57,1,0,0,89.0,67.0,90.0
41,2024-06-03,18:49:18,0,0,0,88.0,68.0,90.0
42,2024-06-03,19:08:48,0,0,0,89.0,68.0,90.0
43,2024-06-03,19:15:21,0,0,0,89.0,68.0,90.0
44,2024-06-03,19:21:52,0,0,0,89.0,69.0,90.0
45,2024-06-03,19:28:23,0,0,0,89.0,69.0,90.0
46,2024-06-03,19:34:55,0,0,0,89.0,69.0,90.0
47,2024-06-03,19:41:27,1,0,0,89.0,69.0,90.0
48,2024-06-03,19:47:59,0,0,0,89.0,69.0,90.0
49,2024-06-03,19:54:31,0,0,0,89.0,68.0,90.0
50,2024-06-03,20:01:02,0,0,0,89.0,70.0,90.0
51,2024-06-03,20:07:34,0,0,0,89.0,68.0,90.0
52,2024-06-03,20:14:06,0,0,0,89.0,68.0,90.0
53,2024-06-03,20:20:38,0,0,0,89.0,68.0,90.0
54,2024-06-03,20:27:10,0,0,0,89.0,68.0,90.0
55,2024-06-03,21:22:19,0,0,0,89.0,68.0,90.0
56,2024-06-03,21:45:49,0,0,0,89.0,68.0,90.0
57,2024-06-03,22:02:12,0,0,0,89.0,70.0,90.0
58,2024-06-03,22:08:44,1,0,0,89.0,68.0,90.0
59,2024-06-03,22:28:48,0,0,0,89.0,68.0,90.0
60,2024-06-03,22:35:20,0,0,0,89.0,68.0,90.0
61,2024-06-03,22:41:53,0,0,0,89.0,68.0,90.0
62,2024-06-03,23:12:58,0,0,0,89.0,67.0,90.0
63,2024-06-03,23:19:30,0,0,0,89.0,68.0,90.0
64,2024-06-03,23:26:02,0,0,0,89.0,69.0,90.0
65,2024-06-03,23:34:25,1,0,0,89.0,69.0,90.0
66,2024-06-03,23:40:56,1,0,0,89.0,69.0,90.0
67,2024-06-03,23:47:48,0,0,0,90.0,68.0,91.0
68,2024-06-03,23:54:19,0,0,0,89.0,67.0,90.0
69,2024-06-04,00:00:50,0,0,0,88.0,67.0,89.0
70,2024-06-04,00:07:22,0,0,0,89.0,67.0,90.0
71,2024-06-04,00:13:54,0,0,0,89.0,67.0,90.0
72,2024-06-04,00:20:25,0,0,0,89.0,67.0,90.0
73,2024-06-04,00:27:25,0,0,0,89.0,68.0,90.0
74,2024-06-04,00:34:18,1,0,0,89.0,66.0,90.0
75,2024-06-04,00:40:49,0,0,0,89.0,69.0,90.0
76,2024-06-04,00:47:21,0,0,0,89.0,67.0,90.0
77,2024-06-04,00:53:52,1,0,0,89.0,69.0,90.0
78,2024-06-04,01:00:24,1,0,0,89.0,68.0,90.0
79,2024-06-04,01:06:56,1,0,0,89.0,67.0,90.0
80,2024-06-04,01:13:43,1,0,0,89.0,68.0,90.0
81,2024-06-04,01:20:14,1,0,0,89.0,68.0,90.0
82,2024-06-04,01:26:44,0,0,0,89.0,68.0,90.0
83,2024-06-04,01:33:15,0,0,0,89.0,68.0,90.0
84,2024-06-04,01:42:15,0,0,0,89.0,69.0,90.0
85,2024-06-04,02:40:40,0,0,0,89.0,68.0,90.0
86,2024-06-04,02:48:51,0,0,0,89.0,67.0,90.0
87,2024-06-04,02:55:23,0,0,0,89.0,69.0,90.0
88,2024-06-04,03:01:55,0,0,0,89.0,68.0,90.0
89,2024-06-04,04:23:11,0,0,0,89.0,68.0,90.0
90,2024-06-04,04:29:44,0,0,0,89.0,68.0,90.0
91,2024-06-04,04:36:16,0,0,0,88.0,67.0,89.0
92,2024-06-04,04:42:47,0,0,0,89.0,67.0,90.0
93,2024-06-04,04:50:32,0,0,0,89.0,68.0,90.0
94,2024-06-04,04:57:03,0,0,0,89.0,68.0,90.0
95,2024-06-04,05:03:35,0,0,0,89.0,68.0,90.0
96,2024-06-04,05:10:07,0,0,0,89.0,67.0,90.0
97,2024-06-04,05:16:39,0,0,0,89.0,67.0,90.0
98,2024-06-04,05:23:10,0,0,0,89.0,68.0,90.0
99,2024-06-04,05:29:42,1,0,0,89.0,67.0,90.0
100,2024-06-04,05:36:14,0,0,0,88.0,65.0,89.0
101,2024-06-04,05:45:23,0,0,0,89.0,67.0,90.0
102,2024-06-04,05:51:54,0,0,0,88.0,65.0,90.0
103,2024-06-04,05:58:51,0,0,0,89.0,67.0,90.0
104,2024-06-04,06:05:22,0,0,0,89.0,67.0,90.0
105,2024-06-04,06:14:02,0,0,0,88.0,65.0,89.0
106,2024-06-04,06:42:12,0,0,0,88.0,66.0,89.0
107,2024-06-04,06:55:27,0,0,0,89.0,67.0,90.0
108,2024-06-04,07:27:11,0,0,0,89.0,65.0,90.0
109,2024-06-04,07:44:46,0,0,0,89.0,65.0,90.0
110,2024-06-04,07:51:19,0,0,0,89.0,65.0,90.0
111,2024-06-04,07:57:53,0,0,0,88.0,66.0,89.0
112,2024-06-04,08:04:25,0,0,0,89.0,67.0,90.0
113,2024-06-04,08:14:48,0,1,0,86.0,61.0,87.0
114,2024-06-04,08:21:21,0,0,0,89.0,67.0,90.0
115,2024-06-04,08:28:41,0,1,0,87.0,67.0,88.0
116,2024-06-04,08:35:13,1,0,0,89.0,66.0,90.0
117,2024-06-04,08:41:46,1,0,0,88.0,68.0,89.0
118,2024-06-04,08:49:15,0,0,0,89.0,68.0,90.0
119,2024-06-04,08:59:18,0,0,0,89.0,68.0,90.0
120,2024-06-04,09:05:51,0,0,0,89.0,68.0,90.0
121,2024-06-04,09:13:09,0,0,0,88.0,67.0,89.0
122,2024-06-04,09:19:41,0,0,0,89.0,66.0,90.0
123,2024-06-04,09:26:13,0,0,0,89.0,68.0,90.0
124,2024-06-04,09:32:46,0,0,0,88.0,67.0,89.0
125,2024-06-04,09:39:18,0,0,0,89.0,65.0,90.0
126,2024-06-04,09:45:51,0,0,0,89.0,67.0,90.0
127,2024-06-04,09:52:23,0,0,0,89.0,68.0,90.0
128,2024-06-04,09:58:55,0,0,0,89.0,67.0,90.0
129,2024-06-04,10:07:43,0,0,0,89.0,67.0,90.0
1,2024-06-07,12:07:26,1,0,0,88.0,76.0,90.0
2,2024-06-07,12:30:31,0,0,0,89.0,68.0,90.0
3,2024-06-07,12:36:59,0,0,0,89.0,66.0,90.0
4,2024-06-07,12:43:26,0,0,0,89.0,69.0,90.0
5,2024-06-07,12:49:54,0,0,0,89.0,68.0,90.0
6,2024-06-07,12:56:21,0,0,0,89.0,67.0,90.0
7,2024-06-07,13:02:49,1,0,0,88.0,66.0,89.0
8,2024-06-07,13:09:17,0,0,0,89.0,67.0,90.0
9,2024-06-07,13:15:44,0,0,0,89.0,67.0,90.0
10,2024-06-07,13:35:15,0,0,0,89.0,69.0,90.0
11,2024-06-07,13:41:42,0,0,0,89.0,69.0,90.0
12,2024-06-07,13:48:10,0,0,0,89.0,69.0,90.0
13,2024-06-07,13:54:37,0,0,0,89.0,69.0,90.0
14,2024-06-07,16:07:44,0,0,0,89.0,68.0,90.0
15,2024-06-07,16:14:13,0,0,0,89.0,68.0,90.0
16,2024-06-07,16:20:41,0,0,0,89.0,70.0,90.0
17,2024-06-07,16:27:09,0,0,0,89.0,69.0,90.0
18,2024-06-07,16:53:26,0,0,0,89.0,68.0,90.0
19,2024-06-07,16:59:54,0,0,0,89.0,67.0,90.0
20,2024-06-07,17:06:22,0,0,0,89.0,67.0,90.0
21,2024-06-07,17:12:49,0,0,0,89.0,68.0,90.0
22,2024-06-07,17:22:45,0,0,0,89.0,68.0,90.0
23,2024-06-07,17:29:13,0,0,0,89.0,68.0,90.0
24,2024-06-07,17:35:41,0,0,0,88.0,68.0,89.0
25,2024-06-07,17:42:09,0,0,0,89.0,69.0,90.0
26,2024-06-07,17:48:38,0,0,0,89.0,70.0,90.0
27,2024-06-07,17:55:06,0,0,0,89.0,70.0,90.0
28,2024-06-07,18:01:34,0,0,0,89.0,67.0,90.0
29,2024-06-07,18:08:03,0,0,0,89.0,68.0,90.0
30,2024-06-07,18:14:39,0,0,0,89.0,68.0,90.0
31,2024-06-07,18:21:07,0,0,0,89.0,69.0,90.0
32,2024-06-07,18:29:34,0,0,0,89.0,68.0,90.0
33,2024-06-07,18:36:01,0,0,0,89.0,67.0,90.0
34,2024-06-07,18:42:29,0,0,0,89.0,68.0,90.0
35,2024-06-07,18:48:56,0,0,0,89.0,68.0,90.0
36,2024-06-07,18:55:24,0,0,0,89.0,69.0,90.0
37,2024-06-07,19:01:51,0,0,0,89.0,68.0,90.0
38,2024-06-07,19:08:20,0,0,0,89.0,68.0,90.0
39,2024-06-07,19:31:05,0,0,0,89.0,68.0,90.0
40,2024-06-07,19:37:35,0,0,0,89.0,70.0,90.0
41,2024-06-07,19:39:37,0,0,0,89.0,72.0,90.0
42,2024-06-07,19:49:43,0,0,0,88.0,68.0,89.0
43,2024-06-07,19:56:11,0,0,0,89.0,68.0,90.0
44,2024-06-07,20:02:39,0,0,0,88.0,68.0,89.0
45,2024-06-07,20:09:56,0,0,0,88.0,68.0,89.0
46,2024-06-07,20:16:24,0,0,0,89.0,67.0,90.0
47,2024-06-07,20:22:51,0,0,0,89.0,68.0,90.0
48,2024-06-07,21:08:42,0,0,0,89.0,66.0,90.0
49,2024-06-07,21:16:24,0,0,0,88.0,67.0,89.0
50,2024-06-07,21:23:09,0,0,0,88.0,67.0,89.0
51,2024-06-07,21:29:37,0,0,0,89.0,66.0,90.0
52,2024-06-07,21:36:04,0,0,0,89.0,67.0,90.0
53,2024-06-07,21:42:32,0,0,0,88.0,67.0,89.0
54,2024-06-07,21:50:15,0,0,0,88.0,66.0,89.0
55,2024-06-07,21:57:29,0,0,0,88.0,67.0,89.0
56,2024-06-07,22:03:56,0,0,0,88.0,66.0,89.0
57,2024-06-07,22:10:46,0,0,0,88.0,68.0,89.0
58,2024-06-07,22:17:13,0,0,0,88.0,67.0,89.0
59,2024-06-07,22:23:41,0,0,0,89.0,67.0,90.0
60,2024-06-07,22:30:08,0,0,0,89.0,66.0,90.0
61,2024-06-07,22:36:36,0,0,0,88.0,69.0,89.0
62,2024-06-07,22:43:03,0,0,0,88.0,70.0,89.0
63,2024-06-07,23:03:32,0,0,0,89.0,66.0,90.0
64,2024-06-07,23:10:00,0,0,0,89.0,69.0,90.0
65,2024-06-07,23:16:28,0,0,0,88.0,67.0,89.0
66,2024-06-07,23:22:57,0,0,0,89.0,68.0,90.0
67,2024-06-07,23:29:24,0,0,0,89.0,69.0,90.0
68,2024-06-07,23:35:52,0,1,0,87.0,66.0,88.0
69,2024-06-07,23:42:21,0,0,0,89.0,66.0,90.0
70,2024-06-08,00:13:40,0,0,0,89.0,68.0,90.0
71,2024-06-08,00:20:09,0,0,0,89.0,68.0,90.0
72,2024-06-08,00:26:52,0,0,0,89.0,68.0,90.0
73,2024-06-08,00:33:21,0,0,0,88.0,67.0,89.0
74,2024-06-08,00:39:49,0,0,0,89.0,68.0,90.0
75,2024-06-08,00:47:53,0,0,0,89.0,71.0,90.0
76,2024-06-08,00:54:21,0,0,0,89.0,68.0,90.0
77,2024-06-08,01:00:49,0,0,0,89.0,68.0,90.0
78,2024-06-08,01:14:40,0,0,0,89.0,69.0,90.0
79,2024-06-08,01:21:43,0,0,0,89.0,68.0,90.0
80,2024-06-08,01:28:11,0,0,0,88.0,67.0,89.0
81,2024-06-08,01:39:07,0,0,0,88.0,67.0,89.0
82,2024-06-08,01:50:59,0,0,0,89.0,68.0,90.0
83,2024-06-08,01:57:27,0,0,0,89.0,67.0,90.0
84,2024-06-08,02:03:54,0,0,0,89.0,67.0,90.0
85,2024-06-08,02:10:22,0,0,0,89.0,68.0,90.0
86,2024-06-08,02:23:41,0,0,0,88.0,67.0,89.0
87,2024-06-08,02:30:09,0,0,0,88.0,68.0,89.0
88,2024-06-08,02:37:33,0,0,0,89.0,67.0,90.0
89,2024-06-08,02:44:01,0,0,0,88.0,67.0,89.0
90,2024-06-08,02:53:47,0,0,0,89.0,67.0,90.0
91,2024-06-08,03:04:58,0,0,0,89.0,68.0,90.0
92,2024-06-08,03:11:26,0,0,0,89.0,68.0,90.0
93,2024-06-08,03:17:54,0,0,0,89.0,68.0,90.0
94,2024-06-08,04:14:30,0,0,0,89.0,67.0,90.0
95,2024-06-08,04:20:58,0,0,0,89.0,68.0,90.0
96,2024-06-08,04:30:18,0,0,0,89.0,68.0,90.0
97,2024-06-08,04:36:46,0,0,0,89.0,67.0,90.0
98,2024-06-08,04:43:13,0,0,0,89.0,68.0,90.0
99,2024-06-08,04:50:15,0,0,0,88.0,68.0,89.0
100,2024-06-08,04:58:10,0,0,0,89.0,70.0,90.0
101,2024-06-08,05:04:38,0,0,0,89.0,69.0,90.0
102,2024-06-08,05:11:06,0,0,0,88.0,69.0,89.0
103,2024-06-08,05:17:34,0,0,0,89.0,68.0,90.0
104,2024-06-08,05:24:02,0,0,0,89.0,69.0,90.0
105,2024-06-08,05:32:37,0,0,0,89.0,68.0,90.0
106,2024-06-08,05:44:53,0,0,0,89.0,69.0,90.0
107,2024-06-08,05:51:21,0,0,0,89.0,68.0,90.0
108,2024-06-08,06:01:13,0,0,0,89.0,65.0,90.0
109,2024-06-08,06:07:57,0,0,0,89.0,68.0,90.0
110,2024-06-08,06:14:24,0,0,0,88.0,68.0,89.0
111,2024-06-08,07:26:19,0,0,0,88.0,66.0,89.0
112,2024-06-08,07:32:46,0,0,0,89.0,69.0,90.0
113,2024-06-08,07:39:14,0,0,0,89.0,69.0,90.0
114,2024-06-08,07:45:42,0,0,0,89.0,69.0,90.0
115,2024-06-08,07:52:09,0,0,0,89.0,68.0,90.0
116,2024-06-08,07:58:36,0,0,0,89.0,69.0,90.0
117,2024-06-08,08:05:04,0,0,0,88.0,68.0,89.0
118,2024-06-08,08:11:31,0,0,0,89.0,66.0,90.0
119,2024-06-08,08:17:59,0,0,0,89.0,69.0,90.0
120,2024-06-08,08:26:26,0,0,0,89.0,68.0,90.0
121,2024-06-08,08:32:53,0,0,0,89.0,68.0,90.0
122,2024-06-08,08:39:21,1,0,0,88.0,67.0,89.0
123,2024-06-08,08:45:48,1,0,0,88.0,66.0,89.0
124,2024-06-08,08:52:46,0,0,0,88.0,65.0,89.0
125,2024-06-08,08:59:13,0,0,0,88.0,67.0,89.0
126,2024-06-08,09:05:40,0,0,0,89.0,68.0,90.0
127,2024-06-08,09:12:07,0,0,0,89.0,67.0,90.0
128,2024-06-08,09:18:34,0,0,0,89.0,66.0,90.0
129,2024-06-08,09:25:01,0,0,0,88.0,67.0,89.0
130,2024-06-08,09:31:29,0,0,0,88.0,67.0,89.0
131,2024-06-08,09:37:57,0,0,0,89.0,66.0,90.0
132,2024-06-08,09:44:25,0,0,0,89.0,66.0,90.0
133,2024-06-08,09:50:53,0,0,0,89.0,68.0,90.0
134,2024-06-08,09:57:21,0,0,0,89.0,67.0,90.0
135,2024-06-08,10:03:49,0,0,0,89.0,65.0,90.0
136,2024-06-08,10:10:16,0,0,0,89.0,66.0,90.0
137,2024-06-08,10:16:44,0,0,0,89.0,68.0,90.0
138,2024-06-08,10:23:12,0,0,0,89.0,67.0,90.0
139,2024-06-08,10:29:40,0,1,0,78.0,59.0,90.0
140,2024-06-08,10:36:59,0,1,0,66.0,53.0,90.0
141,2024-06-08,10:43:49,0,0,0,89.0,70.0,90.0
142,2024-06-08,10:50:16,0,0,0,89.0,70.0,90.0
143,2024-06-08,11:00:16,0,0,0,89.0,69.0,90.0
144,2024-06-08,11:07:39,0,0,0,89.0,67.0,90.0
145,2024-06-08,11:14:08,0,0,0,89.0,68.0,90.0
146,2024-06-08,11:20:36,0,0,0,89.0,66.0,90.0
147,2024-06-08,11:27:04,0,0,0,89.0,69.0,90.0
148,2024-06-08,11:46:42,0,0,0,89.0,66.0,90.0
149,2024-06-08,11:53:10,0,0,0,89.0,69.0,90.0
150,2024-06-08,11:59:37,0,0,0,89.0,65.0,90.0
151,2024-06-08,12:06:05,0,0,0,89.0,68.0,90.0
152,2024-06-08,12:12:32,0,0,0,88.0,67.0,89.0
153,2024-06-08,12:18:59,0,0,0,89.0,65.0,90.0
154,2024-06-08,12:25:26,0,0,0,89.0,67.0,90.0
155,2024-06-08,13:10:57,0,0,0,89.0,69.0,90.0
156,2024-06-08,13:17:25,0,0,0,88.0,64.0,89.0
157,2024-06-08,13:23:52,0,0,0,89.0,67.0,90.0
158,2024-06-08,13:30:20,0,0,0,89.0,67.0,90.0
159,2024-06-08,13:36:47,0,0,0,89.0,67.0,90.0
160,2024-06-08,13:43:15,0,0,0,89.0,66.0,90.0
161,2024-06-08,13:49:42,0,0,0,89.0,68.0,90.0
162,2024-06-08,13:56:10,0,0,0,89.0,68.0,90.0
163,2024-06-08,14:02:37,0,0,0,89.0,68.0,90.0
164,2024-06-08,14:09:04,0,0,0,89.0,68.0,90.0
165,2024-06-08,14:15:32,0,0,0,89.0,71.0,90.0
166,2024-06-08,14:22:43,0,0,0,89.0,68.0,90.0
167,2024-06-08,14:34:12,0,0,0,89.0,69.0,90.0
168,2024-06-08,14:41:02,0,0,0,89.0,71.0,90.0
169,2024-06-08,14:47:30,0,0,0,89.0,68.0,90.0
170,2024-06-08,14:53:57,0,0,0,89.0,68.0,90.0
171,2024-06-08,15:00:24,0,0,0,89.0,70.0,90.0
172,2024-06-08,15:06:52,0,0,0,89.0,70.0,90.0
173,2024-06-08,15:13:19,0,0,0,89.0,71.0,90.0
174,2024-06-08,15:24:00,0,0,0,89.0,68.0,90.0
175,2024-06-08,15:30:27,0,0,0,89.0,69.0,90.0
176,2024-06-08,15:38:02,0,0,0,89.0,69.0,90.0
177,2024-06-08,15:49:45,0,0,0,89.0,69.0,90.0
178,2024-06-08,15:57:22,0,0,0,89.0,66.0,90.0
179,2024-06-08,16:04:57,0,0,0,89.0,69.0,90.0
180,2024-06-08,16:11:25,0,0,0,89.0,70.0,90.0
181,2024-06-08,16:23:29,0,0,0,89.0,68.0,90.0
182,2024-06-08,16:29:56,0,0,0,89.0,66.0,90.0
183,2024-06-08,16:45:47,0,0,0,89.0,66.0,90.0
184,2024-06-08,16:56:24,0,0,0,89.0,68.0,90.0
185,2024-06-08,17:03:12,0,0,0,89.0,67.0,90.0
186,2024-06-08,17:21:07,0,0,0,89.0,68.0,90.0
187,2024-06-08,17:34:23,0,0,0,89.0,66.0,90.0
188,2024-06-08,17:40:51,0,0,0,89.0,69.0,90.0
189,2024-06-08,17:47:18,0,0,0,89.0,66.0,90.0
190,2024-06-08,17:56:32,0,0,0,89.0,68.0,90.0
191,2024-06-08,18:03:00,0,0,0,89.0,67.0,90.0
192,2024-06-08,18:10:00,0,0,0,89.0,68.0,90.0
193,2024-06-08,18:16:28,1,0,0,89.0,69.0,90.0
194,2024-06-08,18:22:56,0,0,0,89.0,68.0,90.0
195,2024-06-08,18:32:25,0,0,0,89.0,68.0,90.0
196,2024-06-08,18:38:52,0,0,0,89.0,70.0,90.0
197,2024-06-08,18:45:19,0,0,0,89.0,69.0,90.0
198,2024-06-08,18:51:47,0,0,0,89.0,70.0,90.0
199,2024-06-08,18:58:17,0,0,0,89.0,65.0,90.0
200,2024-06-08,19:04:44,0,0,0,88.0,66.0,90.0
201,2024-06-08,19:11:11,1,1,0,34.0,20.0,90.0
202,2024-06-08,19:18:52,0,0,0,89.0,69.0,90.0
203,2024-06-08,19:25:20,0,0,0,89.0,67.0,90.0
204,2024-06-08,19:31:48,1,0,0,89.0,69.0,90.0
205,2024-06-08,19:38:16,0,0,0,89.0,68.0,90.0
206,2024-06-08,19:44:44,0,0,0,89.0,69.0,90.0
207,2024-06-08,19:51:12,0,0,0,89.0,69.0,90.0
208,2024-06-08,19:57:40,0,0,0,89.0,67.0,90.0
209,2024-06-08,20:06:47,0,0,0,89.0,69.0,90.0
210,2024-06-08,20:13:14,0,0,0,89.0,66.0,90.0
211,2024-06-10,07:09:30,0,0,0,89.0,64.0,90.0
212,2024-06-10,07:16:24,0,0,0,89.0,64.0,90.0
213,2024-06-10,07:27:26,0,0,0,89.0,64.0,90.0
214,2024-06-10,07:33:54,0,0,0,89.0,64.0,90.0
215,2024-06-10,07:40:58,0,0,0,89.0,65.0,90.0
216,2024-06-10,07:47:26,0,0,0,89.0,66.0,90.0
217,2024-06-10,07:53:55,0,0,0,89.0,63.0,90.0
218,2024-06-10,08:05:48,0,0,0,89.0,67.0,90.0
219,2024-06-10,08:12:17,0,0,0,89.0,66.0,90.0
220,2024-06-10,08:18:45,0,0,0,88.0,63.0,89.0
221,2024-06-10,08:31:16,0,0,0,89.0,65.0,90.0
222,2024-06-10,08:37:43,0,0,0,89.0,66.0,90.0
223,2024-06-10,08:46:03,0,0,0,89.0,66.0,90.0
224,2024-06-10,08:53:13,0,0,0,89.0,66.0,90.0
225,2024-06-10,10:01:52,0,0,0,89.0,66.0,90.0
226,2024-06-10,10:08:22,0,0,0,89.0,65.0,90.0
227,2024-06-10,10:17:42,0,0,0,89.0,64.0,90.0
228,2024-06-10,10:28:16,0,0,0,89.0,66.0,90.0
229,2024-06-10,10:34:43,0,0,0,89.0,66.0,90.0
230,2024-06-10,10:42:05,0,0,0,89.0,64.0,90.0
231,2024-06-10,10:48:32,0,0,0,89.0,65.0,90.0
232,2024-06-10,10:55:00,0,0,0,89.0,66.0,90.0
233,2024-06-10,11:01:28,1,0,0,89.0,63.0,90.0
234,2024-06-10,11:07:56,0,0,0,89.0,66.0,90.0
235,2024-06-10,11:14:24,0,0,0,88.0,66.0,89.0
236,2024-06-10,11:20:51,0,0,0,89.0,63.0,90.0
237,2024-06-10,11:27:19,0,0,0,88.0,65.0,89.0
238,2024-06-10,12:13:26,0,0,0,89.0,65.0,90.0
239,2024-06-10,12:20:17,0,0,0,89.0,64.0,90.0
240,2024-06-10,12:30:48,0,0,0,89.0,63.0,90.0
241,2024-06-10,12:38:25,0,0,0,89.0,65.0,90.0
242,2024-06-10,12:44:54,0,1,0,87.0,61.0,88.0
243,2024-06-10,12:51:22,0,0,0,89.0,66.0,90.0
244,2024-06-10,12:57:50,0,1,0,59.0,39.0,92.0
245,2024-06-10,13:04:46,0,0,0,89.0,66.0,90.0
246,2024-06-10,13:13:56,0,0,0,89.0,65.0,90.0
247,2024-06-10,13:30:53,0,0,0,89.0,66.0,90.0
248,2024-06-10,13:37:52,0,0,0,88.0,65.0,89.0
249,2024-06-10,13:44:20,0,0,0,89.0,67.0,90.0
250,2024-06-10,14:01:33,0,0,0,89.0,64.0,90.0
251,2024-06-10,14:11:32,0,0,0,89.0,66.0,90.0
252,2024-06-10,14:18:00,1,0,0,89.0,65.0,90.0
253,2024-06-10,14:31:12,0,0,0,89.0,66.0,90.0
254,2024-06-10,14:44:55,0,0,0,89.0,65.0,90.0
255,2024-06-10,14:51:23,0,0,0,89.0,64.0,90.0
256,2024-06-10,14:57:52,0,0,0,89.0,64.0,90.0
257,2024-06-10,15:04:20,0,0,0,89.0,63.0,90.0
258,2024-06-10,15:11:41,1,1,0,78.0,56.0,90.0
259,2024-06-10,15:19:03,1,1,0,60.0,43.0,90.0
260,2024-06-10,15:26:53,0,1,0,60.0,44.0,90.0
261,2024-06-10,15:33:35,0,0,0,89.0,65.0,90.0
262,2024-06-10,15:40:02,0,0,0,89.0,63.0,90.0
263,2024-06-10,15:46:30,0,0,0,89.0,66.0,90.0
264,2024-06-10,15:52:57,0,0,0,89.0,65.0,90.0
265,2024-06-10,15:59:24,0,0,0,89.0,65.0,90.0
266,2024-06-10,16:05:51,0,0,0,89.0,64.0,90.0
267,2024-06-10,16:12:19,0,0,0,89.0,64.0,90.0
268,2024-06-10,16:18:46,0,0,0,89.0,65.0,90.0
269,2024-06-10,16:28:56,0,0,0,89.0,65.0,90.0
270,2024-06-10,16:42:06,0,0,0,88.0,65.0,90.0
271,2024-06-10,16:49:15,0,0,0,89.0,65.0,90.0
272,2024-06-10,16:57:51,0,0,0,89.0,64.0,90.0
273,2024-06-10,17:04:19,0,0,0,89.0,67.0,90.0
274,2024-06-10,17:10:47,0,0,0,88.0,67.0,89.0
275,2024-06-10,17:17:15,0,0,0,88.0,64.0,90.0
276,2024-06-10,17:23:43,1,0,0,89.0,65.0,90.0
277,2024-06-10,17:33:12,0,0,0,89.0,66.0,90.0
278,2024-06-10,17:39:40,0,0,0,89.0,66.0,90.0
279,2024-06-10,17:50:38,0,0,0,89.0,65.0,90.0
280,2024-06-10,17:57:05,0,0,0,89.0,64.0,90.0
281,2024-06-10,18:03:33,0,0,0,89.0,66.0,90.0
282,2024-06-10,18:10:01,1,0,0,88.0,65.0,90.0
283,2024-06-10,18:16:33,1,0,0,89.0,63.0,90.0
284,2024-06-10,18:23:00,1,0,0,88.0,64.0,89.0
285,2024-06-10,18:38:07,0,0,0,89.0,65.0,90.0
286,2024-06-10,18:44:35,0,0,0,88.0,65.0,89.0
287,2024-06-10,18:54:21,0,0,0,89.0,64.0,90.0
288,2024-06-10,19:00:48,0,0,0,89.0,64.0,90.0
289,2024-06-10,19:07:16,0,0,0,88.0,64.0,89.0
290,2024-06-10,19:34:42,0,0,0,89.0,66.0,90.0
291,2024-06-10,19:41:09,0,0,0,88.0,65.0,89.0
292,2024-06-10,19:55:58,0,0,0,90.0,65.0,91.0
293,2024-06-10,20:07:42,0,0,0,89.0,63.0,90.0
294,2024-06-10,20:14:10,0,1,0,87.0,63.0,88.0
295,2024-06-10,21:16:16,0,0,0,89.0,66.0,90.0
296,2024-06-10,21:22:43,0,0,0,89.0,65.0,90.0
297,2024-06-10,21:29:10,0,0,0,89.0,65.0,90.0
298,2024-06-10,21:35:38,0,0,0,89.0,65.0,90.0
299,2024-06-10,21:42:05,0,0,0,89.0,65.0,90.0
300,2024-06-10,21:48:32,1,0,0,89.0,64.0,90.0
301,2024-06-10,21:57:11,0,0,0,88.0,64.0,89.0
302,2024-06-10,22:03:39,0,0,0,89.0,66.0,90.0
303,2024-06-10,22:10:06,0,0,0,89.0,64.0,90.0
304,2024-06-10,22:18:01,0,0,0,89.0,64.0,90.0
305,2024-06-10,22:25:17,0,0,0,88.0,66.0,89.0
306,2024-06-10,22:35:44,0,0,0,89.0,66.0,90.0
307,2024-06-10,22:42:13,0,0,0,89.0,65.0,90.0
308,2024-06-10,22:48:40,0,0,0,89.0,63.0,90.0
309,2024-06-10,22:55:09,0,0,0,88.0,65.0,89.0
310,2024-06-10,23:02:17,0,0,0,89.0,64.0,90.0
311,2024-06-10,23:08:45,0,0,0,89.0,63.0,90.0
312,2024-06-10,23:16:52,0,0,0,88.0,66.0,89.0
313,2024-06-10,23:32:15,1,0,0,89.0,66.0,90.0
314,2024-06-10,23:38:44,1,0,0,88.0,66.0,90.0
315,2024-06-10,23:45:12,0,0,0,89.0,67.0,90.0
316,2024-06-10,23:51:40,0,0,0,89.0,64.0,90.0
317,2024-06-10,23:58:08,0,0,0,88.0,66.0,89.0
318,2024-06-11,00:04:36,1,0,0,89.0,64.0,90.0
319,2024-06-11,00:11:04,1,0,0,89.0,63.0,90.0
320,2024-06-11,00:17:32,0,0,0,89.0,64.0,90.0
321,2024-06-11,00:24:00,0,0,0,89.0,64.0,90.0
322,2024-06-11,00:30:28,0,0,0,90.0,65.0,91.0
323,2024-06-11,00:36:56,1,0,0,89.0,63.0,90.0
324,2024-06-11,00:43:23,0,0,0,88.0,65.0,89.0
325,2024-06-11,00:49:51,0,0,0,89.0,64.0,90.0
326,2024-06-11,00:56:19,0,0,0,89.0,64.0,90.0
327,2024-06-11,01:02:47,0,0,0,89.0,63.0,90.0
328,2024-06-11,01:09:14,0,0,0,88.0,65.0,90.0
329,2024-06-11,01:15:42,0,0,0,88.0,63.0,89.0
330,2024-06-11,01:22:10,1,0,0,89.0,64.0,90.0
331,2024-06-11,01:28:37,0,0,0,89.0,64.0,90.0
332,2024-06-11,01:35:05,0,0,0,89.0,65.0,90.0
333,2024-06-11,01:41:32,0,0,0,89.0,65.0,90.0
334,2024-06-11,01:47:59,0,0,0,88.0,65.0,90.0
335,2024-06-11,01:54:27,0,0,0,89.0,63.0,90.0
336,2024-06-11,02:00:54,0,0,0,89.0,67.0,90.0
337,2024-06-11,02:07:21,0,0,0,89.0,63.0,90.0
338,2024-06-11,02:50:50,0,0,0,88.0,64.0,89.0
339,2024-06-11,02:57:18,0,0,0,89.0,65.0,90.0
340,2024-06-11,03:03:46,1,0,0,88.0,64.0,90.0
341,2024-06-11,03:19:16,0,0,0,90.0,65.0,91.0
342,2024-06-11,03:25:43,0,0,0,88.0,65.0,89.0
343,2024-06-11,03:32:11,0,0,0,89.0,64.0,90.0
344,2024-06-11,03:38:39,0,0,0,88.0,64.0,90.0
345,2024-06-11,03:45:07,0,0,0,88.0,63.0,89.0
346,2024-06-11,03:51:34,1,0,0,90.0,64.0,91.0
347,2024-06-11,03:58:02,0,0,0,88.0,64.0,90.0
348,2024-06-11,04:04:30,0,0,0,90.0,63.0,91.0
349,2024-06-11,04:10:57,0,0,0,88.0,64.0,89.0
350,2024-06-11,04:17:25,0,0,0,88.0,64.0,89.0
351,2024-06-11,04:23:53,1,0,0,88.0,63.0,89.0
352,2024-06-11,04:30:21,1,0,0,88.0,64.0,89.0
353,2024-06-11,05:05:06,0,0,0,89.0,65.0,90.0
354,2024-06-11,05:11:33,1,0,0,88.0,65.0,89.0
355,2024-06-11,05:18:00,1,0,0,89.0,66.0,90.0
356,2024-06-11,05:24:31,0,0,0,89.0,64.0,90.0
357,2024-06-11,05:30:59,0,0,0,88.0,63.0,90.0
358,2024-06-11,05:37:26,1,0,0,89.0,66.0,90.0
359,2024-06-11,06:10:34,0,0,0,88.0,62.0,89.0
360,2024-06-11,06:17:01,0,0,0,89.0,64.0,90.0
361,2024-06-11,06:23:29,1,0,0,89.0,63.0,90.0
362,2024-06-11,06:29:56,0,0,0,89.0,64.0,90.0
363,2024-06-11,07:10:32,0,0,0,89.0,64.0,90.0
364,2024-06-11,07:17:00,0,0,0,88.0,64.0,89.0
365,2024-06-11,07:27:58,0,0,0,89.0,63.0,90.0
366,2024-06-11,07:34:25,0,0,0,89.0,66.0,90.0
367,2024-06-11,07:40:54,0,0,0,89.0,64.0,90.0
368,2024-06-11,07:47:21,0,0,0,88.0,64.0,89.0
369,2024-06-11,07:53:49,1,0,0,89.0,68.0,90.0
370,2024-06-11,08:00:17,0,0,0,88.0,64.0,89.0
371,2024-06-11,08:15:51,0,0,0,89.0,64.0,90.0
372,2024-06-11,08:22:21,0,0,0,89.0,64.0,90.0
373,2024-06-11,08:28:48,0,0,0,89.0,62.0,90.0
374,2024-06-11,08:35:16,0,0,0,89.0,64.0,90.0
375,2024-06-11,08:45:52,0,0,0,89.0,64.0,90.0
376,2024-06-11,08:52:20,0,0,0,88.0,64.0,89.0
377,2024-06-11,08:58:47,0,0,0,89.0,64.0,90.0
378,2024-06-11,09:05:15,1,0,0,89.0,65.0,90.0
379,2024-06-11,09:11:42,0,0,0,89.0,65.0,90.0
380,2024-06-11,09:20:06,0,0,0,89.0,63.0,90.0
381,2024-06-11,09:26:34,0,0,0,89.0,65.0,90.0
382,2024-06-11,09:33:01,0,0,0,89.0,64.0,90.0
383,2024-06-11,09:39:28,0,0,0,89.0,65.0,90.0
384,2024-06-11,09:45:56,0,0,0,88.0,62.0,90.0
385,2024-06-11,09:52:23,0,0,0,89.0,63.0,90.0
386,2024-06-11,09:58:50,0,0,0,88.0,61.0,89.0
387,2024-06-11,10:05:17,0,1,0,88.0,60.0,89.0
388,2024-06-11,10:11:44,0,0,0,89.0,63.0,90.0
389,2024-06-11,10:18:11,0,0,0,89.0,63.0,90.0
390,2024-06-11,10:24:39,0,0,0,88.0,62.0,89.0
391,2024-06-11,10:31:06,0,0,0,88.0,64.0,90.0
392,2024-06-11,10:45:43,0,0,0,89.0,63.0,90.0
393,2024-06-11,10:52:11,0,0,0,88.0,62.0,89.0
394,2024-06-11,10:58:39,0,0,0,88.0,61.0,89.0
395,2024-06-11,11:05:07,0,0,0,88.0,62.0,89.0
396,2024-06-11,11:15:42,0,0,0,88.0,63.0,89.0
397,2024-06-11,11:22:10,0,0,0,88.0,64.0,90.0
398,2024-06-11,11:28:37,0,0,0,89.0,66.0,90.0
399,2024-06-11,13:04:19,0,0,0,89.0,64.0,90.0
400,2024-06-11,13:15:19,0,0,0,88.0,64.0,90.0
401,2024-06-11,13:21:55,0,0,0,88.0,63.0,90.0
402,2024-06-11,13:28:31,0,0,0,89.0,64.0,90.0
403,2024-06-11,13:35:08,0,0,0,89.0,62.0,90.0
404,2024-06-11,13:42:57,0,0,0,89.0,62.0,90.0
405,2024-06-11,13:49:25,0,0,0,89.0,64.0,90.0
406,2024-06-11,13:55:53,0,0,0,89.0,65.0,90.0
407,2024-06-11,14:02:20,0,0,0,89.0,64.0,90.0
408,2024-06-11,14:08:49,0,0,0,89.0,66.0,90.0
409,2024-06-11,14:16:24,0,0,0,89.0,64.0,90.0
410,2024-06-11,14:23:01,0,0,0,89.0,65.0,90.0
411,2024-06-11,14:29:37,1,0,0,89.0,64.0,90.0
